id_caso,anio,mes,dia,codigo_dane_de_municipio,municipio,departamento,region,modalidad,presunto_responsable,descripcion_presunto_responsable,abandono_o_despojo_forzado_de_tierras,amenaza_o_intimidacion,ataque_contra_mision_medica,confinamiento_o_restriccion_a_la_movilidad,desplazamiento_forzado,extorsion,lesionados_civiles,pillaje,tortura,total_victimas_caso,forma_vinculacion,tipo_vinculacion,latitud_longitud,anio_valido,mes_valido,dia_valido,decada,latitud,longitud,alto_impacto,total_hechos
244.955,2.0,4,15,05837,TURBO,ANTIOQUIA,URABA,COACCIÓN,GRUPO PARAMILITAR,NO IDENTIFICADO,0,0,0,1,0,0,0,0,0,2,MÚLTIPLE,RECLUTAMIENTO,POINT (-76.5740377 8.173851745),2000,4,15,2000-2009,8.173851745,-76.5740377,1,1
253.262,2.001,9,10,17541,PENSILVANIA,CALDAS,EJE CAFETERO,PERSUASIÓN,GUERRILLA,FARC,0,0,0,0,0,0,0,0,0,2,MÚLTIPLE,RECLUTAMIENTO,POINT (-75.16683996 5.407187836),2001,9,10,2000-2009,5.407187836,-75.16683996,1,0
254.148,2.001,10,28,73283,FRESNO,TOLIMA,NORTE DEL TOLIMA,PERSUASIÓN,GRUPO PARAMILITAR,NO IDENTIFICADO,0,0,0,0,0,0,0,0,0,2,MÚLTIPLE,RECLUTAMIENTO,POINT (-75.035722 5.153576),2001,10,28,2000-2009,5.153576,-75.035722,1,0
301.816,1.984,9,6,41298,GARZON,HUILA,SUR DEL HUILA,PERSUASIÓN,GUERRILLA,M19,0,0,0,0,0,0,0,0,0,150,COLECTIVO,RECLUTAMIENTO,POINT (-75.57131243 2.172441496),1984,9,6,1980-1989,2.172441496,-75.57131243,1,0
301.983,2.003,1,1,99773,CUMARIBO,VICHADA,ALTILLANURA,DESCONOCIDA,GUERRILLA,NO IDENTIFICADA,0,0,0,0,0,0,0,0,0,3,MÚLTIPLE,SIN INFORMACIÓN,POINT (-69.52140483 4.262454746),2003,1,1,2000-2009,4.262454746,-69.52140483,1,0
302.141,2.01,12,1,97161,CARURU,VAUPES,AMAZONIA SUR-ORIENTAL,DESCONOCIDA,GUERRILLA,FARC,0,0,0,0,0,0,0,0,0,2,MÚLTIPLE,SIN INFORMACIÓN,POINT (-71.33093035 1.052762314),2010,12,1,2010-2019,1.052762314,-71.33093035,1,0
302.157,2.006,2,16,97001,MITU,VAUPES,AMAZONIA SUR-ORIENTAL,DESCONOCIDA,GRUPO PARAMILITAR,NO IDENTIFICADO,0,0,0,0,0,0,0,0,0,2,SIN INFORMACIÓN,RECLUTAMIENTO,POINT (-70.46688401 1.06148231),2006,2,16,2000-2009,1.06148231,-70.46688401,1,0
302.166,2.009,10,1,97001,MITU,VAUPES,AMAZONIA SUR-ORIENTAL,DESCONOCIDA,GUERRILLA,NO IDENTIFICADA,0,0,0,0,0,0,0,0,0,2,MÚLTIPLE,SIN INFORMACIÓN,POINT (-70.46688401 1.06148231),2009,10,1,2000-2009,1.06148231,-70.46688401,1,0
302.172,2.007,12,8,97001,MITU,VAUPES,AMAZONIA SUR-ORIENTAL,COACCIÓN,GUERRILLA,FARC,0,0,0,0,0,0,0,0,0,2,MÚLTIPLE,RECLUTAMIENTO,POINT (-70.46688401 1.06148231),2007,12,8,2000-2009,1.06148231,-70.46688401,1,0
302.174,2.007,8,23,97001,MITU,VAUPES,AMAZONIA SUR-ORIENTAL,COACCIÓN,GUERRILLA,NO IDENTIFICADA,0,0,0,0,0,0,0,0,0,2,MÚLTIPLE,RECLUTAMIENTO,POINT (-70.46688401 1.06148231),2007,8,23,2000-2009,1.06148231,-70.46688401,1,0
302.198,2.007,8,1,97000,SIN INFORMACION,VAUPES,AMAZONIA SUR-ORIENTAL,DESCONOCIDA,GUERRILLA,FARC,0,0,0,0,0,0,0,0,0,3,MÚLTIPLE,RECLUTAMIENTO,POINT (-69.20333732 4),2007,8,1,2000-2009,4.0,-69.20333732,1,0
302.29,2.0,12,27,95025,EL RETORNO,GUAVIARE,ARIARI GUAYABERO,DESCONOCIDA,GUERRILLA,FARC,0,0,0,0,0,0,0,0,0,2,MÚLTIPLE,SIN INFORMACIÓN,POINT (-72.24364869 2.143447362),2000,12,27,2000-2009,2.143447362,-72.24364869,1,0
302.355,2.003,8,15,95015,CALAMAR,GUAVIARE,ARIARI GUAYABERO,DESCONOCIDA,GUERRILLA,FARC,0,0,0,0,0,0,0,0,0,2,MÚLTIPLE,SIN INFORMACIÓN,POINT (-73.0342639 1.613634284),2003,8,15,2000-2009,1.613634284,-73.0342639,1,0
302.357,2.003,8,28,95015,CALAMAR,GUAVIARE,ARIARI GUAYABERO,DESCONOCIDA,GUERRILLA,FARC,0,0,0,0,0,0,0,0,0,2,MÚLTIPLE,SIN INFORMACIÓN,POINT (-73.0342639 1.613634284),2003,8,28,2000-2009,1.613634284,-73.0342639,1,0
302.433,2.004,11,4,95001,SAN JOSE DEL GUAVIARE,GUAVIARE,ARIARI GUAYABERO,COACCIÓN,AGENTE DEL ESTADO,EJÉRCITO NACIONAL,0,0,0,0,0,0,0,0,0,2,COLECTIVO,UTILIZACIÓN EN ACTIVIDADES MILITARES O INTELIGENCIA,POINT (-71.91916993 2.484286091),2004,11,4,2000-2009,2.484286091,-71.91916993,1,0
302.441,1.999,1,1,95001,SAN JOSE DEL GUAVIARE,GUAVIARE,ARIARI GUAYABERO,DESCONOCIDA,GUERRILLA,NO IDENTIFICADA,0,0,0,0,0,0,0,0,0,2,MÚLTIPLE,SIN INFORMACIÓN,POINT (-71.91916993 2.484286091),1999,1,1,1990-1999,2.484286091,-71.91916993,1,0
302.48,2.009,4,1,95001,SAN JOSE DEL GUAVIARE,GUAVIARE,ARIARI GUAYABERO,DESCONOCIDA,GUERRILLA,FARC,0,0,0,0,0,0,0,0,0,2,MÚLTIPLE,SIN INFORMACIÓN,POINT (-71.91916993 2.484286091),2009,4,1,2000-2009,2.484286091,-71.91916993,1,0
302.486,2.01,6,1,95001,SAN JOSE DEL GUAVIARE,GUAVIARE,ARIARI GUAYABERO,DESCONOCIDA,DESCONOCIDO,NO APLICA,0,0,0,0,0,0,0,0,0,4,COLECTIVO,SIN INFORMACIÓN,POINT (-71.91916993 2.484286091),2010,6,1,2010-2019,2.484286091,-71.91916993,1,0
302.671,2.013,4,1,95001,SAN JOSE DEL GUAVIARE,GUAVIARE,ARIARI GUAYABERO,DESCONOCIDA,GUERRILLA,FARC,0,0,0,0,0,0,0,0,0,2,COLECTIVO,RECLUTAMIENTO,POINT (-71.91916993 2.484286091),2013,4,1,2010-2019,2.484286091,-71.91916993,1,0
302.702,2.012,8,28,94343,BARRANCOMINAS,GUAINIA,AMAZONIA SUR-ORIENTAL,COACCIÓN,GUERRILLA,FARC,0,0,0,0,0,0,0,0,0,12,COLECTIVO,SIN INFORMACIÓN,POINT (-69.69713423 3.140558454),2012,8,28,2010-2019,3.140558454,-69.69713423,1,0
302.765,2.004,2,12,86885,VILLAGARZON,PUTUMAYO,MEDIO PUTUMAYO,DESCONOCIDA,GUERRILLA,FARC,0,0,0,0,0,0,0,0,0,2,MÚLTIPLE,SIN INFORMACIÓN,POINT (-76.74495447 0.911149515),2004,2,12,2000-2009,0.911149515,-76.74495447,1,0
302.815,2.004,2,14,86865,VALLE DEL GUAMUEZ,PUTUMAYO,BAJO PUTUMAYO,DESCONOCIDA,GUERRILLA,FARC,0,0,0,0,0,0,0,0,0,2,MÚLTIPLE,RECLUTAMIENTO,POINT (-76.77067026 0.42012589),2004,2,14,2000-2009,0.42012589,-76.77067026,1,0
302.871,2.009,10,20,86573,PUERTO LEGUIZAMO,PUTUMAYO,BAJO PUTUMAYO,DESCONOCIDA,GRUPO ARMADO NO IDENTIFICADO,NO APLICA,0,0,0,0,0,0,0,0,0,2,MÚLTIPLE,SIN INFORMACIÓN,POINT (-75.06479327 0.05947197),2009,10,20,2000-2009,0.05947197,-75.06479327,1,0
302.935,2.005,7,1,86571,PUERTO GUZMAN,PUTUMAYO,MEDIO PUTUMAYO,DESCONOCIDA,GUERRILLA,FARC,0,0,0,0,0,0,0,0,0,2,MÚLTIPLE,SIN INFORMACIÓN,POINT (-75.88022978 0.746432215),2005,7,1,2000-2009,0.746432215,-75.88022978,1,0
302.953,2.007,9,1,86571,PUERTO GUZMAN,PUTUMAYO,MEDIO PUTUMAYO,DESCONOCIDA,GUERRILLA,NO IDENTIFICADA,0,0,0,0,0,0,0,0,0,5,COLECTIVO,SIN INFORMACIÓN,POINT (-75.88022978 0.746432215),2007,9,1,2000-2009,0.746432215,-75.88022978,1,0
302.969,2.01,7,21,86571,PUERTO GUZMAN,PUTUMAYO,MEDIO PUTUMAYO,DESCONOCIDA,GUERRILLA,FARC,0,0,0,0,0,0,0,0,0,2,MÚLTIPLE,SIN INFORMACIÓN,POINT (-75.88022978 0.746432215),2010,7,21,2010-2019,0.746432215,-75.88022978,1,0
303.118,2.003,6,11,86568,PUERTO ASIS,PUTUMAYO,BAJO PUTUMAYO,DESCONOCIDA,GRUPO PARAMILITAR,AUTODEFENSAS UNIDAS DE COLOMBIA AUC,0,0,0,0,0,0,0,0,0,2,MÚLTIPLE,SIN INFORMACIÓN,POINT (-76.52158203 0.433884539),2003,6,11,2000-2009,0.433884539,-76.52158203,1,0
303.137,2.008,1,1,86568,PUERTO ASIS,PUTUMAYO,BAJO PUTUMAYO,DESCONOCIDA,GUERRILLA,FARC,0,0,0,0,0,0,0,0,0,2,MÚLTIPLE,SIN INFORMACIÓN,POINT (-76.52158203 0.433884539),2008,1,1,2000-2009,0.433884539,-76.52158203,1,0
303.15,2.01,11,1,86568,PUERTO ASIS,PUTUMAYO,BAJO PUTUMAYO,DESCONOCIDA,GUERRILLA,FARC,0,0,0,0,0,0,0,0,0,2,MÚLTIPLE,SIN INFORMACIÓN,POINT (-76.52158203 0.433884539),2010,11,1,2010-2019,0.433884539,-76.52158203,1,0
303.153,2.011,1,5,86568,PUERTO ASIS,PUTUMAYO,BAJO PUTUMAYO,DESCONOCIDA,GUERRILLA,NO IDENTIFICADA,0,0,0,0,0,0,0,0,0,2,MÚLTIPLE,SIN INFORMACIÓN,POINT (-76.52158203 0.433884539),2011,1,5,2010-2019,0.433884539,-76.52158203,1,0
303.23,2.007,2,0,86320,ORITO,PUTUMAYO,BAJO PUTUMAYO,COACCIÓN,GUERRILLA,FARC,0,0,0,0,0,0,0,0,0,2,MÚLTIPLE,RECLUTAMIENTO,POINT (-76.94313923 0.673756323),2007,2,,2000-2009,0.673756323,-76.94313923,1,0
303.235,2.003,6,11,86320,ORITO,PUTUMAYO,BAJO PUTUMAYO,DESCONOCIDA,GRUPO PARAMILITAR,AUTODEFENSAS UNIDAS DE COLOMBIA AUC,0,0,0,0,0,0,0,0,0,2,MÚLTIPLE,SIN INFORMACIÓN,POINT (-76.94313923 0.673756323),2003,6,11,2000-2009,0.673756323,-76.94313923,1,0
303.241,2.006,2,12,86320,ORITO,PUTUMAYO,BAJO PUTUMAYO,DESCONOCIDA,GUERRILLA,NO IDENTIFICADA,0,0,0,0,0,0,0,0,0,3,MÚLTIPLE,SIN INFORMACIÓN,POINT (-76.94313923 0.673756323),2006,2,12,2000-2009,0.673756323,-76.94313923,1,0
303.275,1.999,12,31,86001,MOCOA,PUTUMAYO,MEDIO PUTUMAYO,DESCONOCIDA,GUERRILLA,NO IDENTIFICADA,0,0,0,0,0,0,0,0,0,2,MÚLTIPLE,SIN INFORMACIÓN,POINT (-76.66584349 1.26070915),1999,12,31,1990-1999,1.26070915,-76.66584349,1,0
303.286,2.007,4,3,86001,MOCOA,PUTUMAYO,MEDIO PUTUMAYO,DESCONOCIDA,GUERRILLA,FARC,0,0,0,0,0,0,0,0,0,3,MÚLTIPLE,SIN INFORMACIÓN,POINT (-76.66584349 1.26070915),2007,4,3,2000-2009,1.26070915,-76.66584349,1,0
303.322,0.0,0,0,85440,VILLANUEVA,CASANARE,PIEDEMONTE LLANERO,DESCONOCIDA,GRUPO PARAMILITAR,AUTODEFENSAS UNIDAS DE COLOMBIA AUC,0,0,0,0,0,0,0,0,0,7,COLECTIVO,SIN INFORMACIÓN,POINT (-72.82314281 4.528307719),,,,SIN INFORMACION,4.528307719,-72.82314281,1,0
303.365,2.002,1,10,85410,TAURAMENA,CASANARE,PIEDEMONTE LLANERO,COACCIÓN,GRUPO PARAMILITAR,AUTODEFENSAS CAMPESINAS DEL CASANARE (BUITRAGUEÑOS),0,1,0,0,0,0,0,0,0,4,COLECTIVO,RECLUTAMIENTO,POINT (-72.62922436 4.697463691),2002,1,10,2000-2009,4.697463691,-72.62922436,1,1
303.418,1.988,12,1,85300,SABANALARGA,CASANARE,PIEDEMONTE LLANERO,COACCIÓN,GRUPO PARAMILITAR,AUTODEFENSAS CAMPESINAS DEL CASANARE (BUITRAGUEÑOS),0,0,0,0,0,0,0,0,0,2,MÚLTIPLE,RECLUTAMIENTO,POINT (-72.99853179 4.748780429),1988,12,1,1980-1989,4.748780429,-72.99853179,1,0
303.453,0.0,0,0,85250,PAZ DE ARIPORO,CASANARE,LLANOS ORIENTALES,DESCONOCIDA,GRUPO PARAMILITAR,AUTODEFENSAS UNIDAS DE COLOMBIA AUC,0,0,0,0,0,0,0,0,0,7,COLECTIVO,SIN INFORMACIÓN,POINT (-71.890348 5.879827),,,,SIN INFORMACION,5.879827,-71.890348,1,0
303.461,0.0,0,0,85250,PAZ DE ARIPORO,CASANARE,LLANOS ORIENTALES,DESCONOCIDA,GRUPO PARAMILITAR,AUTODEFENSAS UNIDAS DE COLOMBIA AUC,0,0,0,0,0,0,0,0,0,2,MÚLTIPLE,SIN INFORMACIÓN,POINT (-71.890348 5.879827),,,,SIN INFORMACION,5.879827,-71.890348,1,0
303.463,2.005,9,7,85250,PAZ DE ARIPORO,CASANARE,LLANOS ORIENTALES,DESCONOCIDA,GRUPO PARAMILITAR,AUTODEFENSAS UNIDAS DE COLOMBIA AUC,0,0,0,0,0,0,0,0,0,2,MÚLTIPLE,SIN INFORMACIÓN,POINT (-70.86947037 5.779915281),2005,9,7,2000-2009,5.779915281,-70.86947037,1,0
303.465,2.005,9,10,85250,PAZ DE ARIPORO,CASANARE,LLANOS ORIENTALES,DESCONOCIDA,GRUPO PARAMILITAR,AUTODEFENSAS UNIDAS DE COLOMBIA AUC,0,0,0,0,0,0,0,0,0,2,MÚLTIPLE,SIN INFORMACIÓN,POINT (-70.86947037 5.779915281),2005,9,10,2000-2009,5.779915281,-70.86947037,1,0
303.468,2.005,12,24,85250,PAZ DE ARIPORO,CASANARE,LLANOS ORIENTALES,DESCONOCIDA,GRUPO PARAMILITAR,AUTODEFENSAS UNIDAS DE COLOMBIA AUC,0,0,0,0,0,0,0,0,0,3,MÚLTIPLE,SIN INFORMACIÓN,POINT (-70.86947037 5.779915281),2005,12,24,2000-2009,5.779915281,-70.86947037,1,0
303.508,0.0,0,0,85230,OROCUE,CASANARE,LLANOS ORIENTALES,DESCONOCIDA,GRUPO PARAMILITAR,AUTODEFENSAS UNIDAS DE COLOMBIA AUC,0,0,0,0,0,0,0,0,0,3,MÚLTIPLE,SIN INFORMACIÓN,POINT (-71.338533 4.790258),,,,SIN INFORMACION,4.790258,-71.338533,1,0
303.533,2.004,9,30,85162,MONTERREY,CASANARE,PIEDEMONTE LLANERO,DESCONOCIDA,GRUPO PARAMILITAR,AUTODEFENSAS CAMPESINAS DEL CASANARE (BUITRAGUEÑOS),0,0,0,0,0,0,0,0,0,3,MÚLTIPLE,SIN INFORMACIÓN,POINT (-72.8473434 4.841308642),2004,9,30,2000-2009,4.841308642,-72.8473434,1,0
303.591,2.0,3,10,85015,CHAMEZA,CASANARE,PIEDEMONTE LLANERO,DESCONOCIDA,GUERRILLA,NO IDENTIFICADA,0,0,0,0,0,0,0,0,0,4,COLECTIVO,SIN INFORMACIÓN,POINT (-72.86496804 5.228453404),2000,3,10,2000-2009,5.228453404,-72.86496804,1,0
303.621,2.004,8,19,85010,AGUAZUL,CASANARE,PIEDEMONTE LLANERO,DESCONOCIDA,GRUPO PARAMILITAR,AUTODEFENSAS CAMPESINAS DEL CASANARE (BUITRAGUEÑOS),0,0,0,0,0,0,0,0,0,2,MÚLTIPLE,SIN INFORMACIÓN,POINT (-72.54821017 5.126121886),2004,8,19,2000-2009,5.126121886,-72.54821017,1,0
303.623,2.004,9,30,85010,AGUAZUL,CASANARE,PIEDEMONTE LLANERO,DESCONOCIDA,GRUPO PARAMILITAR,AUTODEFENSAS CAMPESINAS DEL CASANARE (BUITRAGUEÑOS),0,0,0,0,0,0,0,0,0,2,MÚLTIPLE,SIN INFORMACIÓN,POINT (-72.54821017 5.126121886),2004,9,30,2000-2009,5.126121886,-72.54821017,1,0
303.66,2.005,0,0,85001,YOPAL,CASANARE,PIEDEMONTE LLANERO,DESCONOCIDA,GRUPO PARAMILITAR,AUTODEFENSAS UNIDAS DE COLOMBIA AUC,0,0,0,0,0,0,0,0,0,2,MÚLTIPLE,SIN INFORMACIÓN,POINT (-72.394588 5.332863),2005,,,2000-2009,5.332863,-72.394588,1,0
303.69,2.002,1,21,81794,TAME,ARAUCA,SARARE,DESCONOCIDA,GUERRILLA,FARC,0,0,0,0,0,0,0,0,0,3,SIN INFORMACIÓN,SIN INFORMACIÓN,POINT (-71.79178647 6.390650479),2002,1,21,2000-2009,6.390650479,-71.79178647,1,0
303.695,2.002,4,16,81794,TAME,ARAUCA,SARARE,DESCONOCIDA,GUERRILLA,ELN,0,0,0,0,0,0,0,0,0,2,MÚLTIPLE,SIN INFORMACIÓN,POINT (-71.79178647 6.390650479),2002,4,16,2000-2009,6.390650479,-71.79178647,1,0
303.724,2.005,12,23,81794,TAME,ARAUCA,SARARE,DESCONOCIDA,GRUPO PARAMILITAR,AUTODEFENSAS UNIDAS DE COLOMBIA AUC,0,0,0,0,0,0,0,0,0,2,MÚLTIPLE,SIN INFORMACIÓN,POINT (-71.79178647 6.390650479),2005,12,23,2000-2009,6.390650479,-71.79178647,1,0
303.726,2.005,12,24,81794,TAME,ARAUCA,SARARE,DESCONOCIDA,GRUPO PARAMILITAR,AUTODEFENSAS UNIDAS DE COLOMBIA AUC,0,0,0,0,0,0,0,0,0,4,COLECTIVO,SIN INFORMACIÓN,POINT (-71.79178647 6.390650479),2005,12,24,2000-2009,6.390650479,-71.79178647,1,0
303.757,0.0,0,0,81794,TAME,ARAUCA,SARARE,DESCONOCIDA,GRUPO PARAMILITAR,AUTODEFENSAS UNIDAS DE COLOMBIA AUC,0,0,0,0,0,0,0,0,0,2,COLECTIVO,"UTILIZACIÓN EN ACTIVIDADES DOMÉSTICAS, DE TRANSPORTE O MENSAJERÍA",POINT (-71.79178647 6.390650479),,,,SIN INFORMACION,6.390650479,-71.79178647,1,0
303.998,2.016,3,7,81300,FORTUL,ARAUCA,SARARE,COACCIÓN,GUERRILLA,ELN,0,0,0,0,0,0,0,0,0,7,COLECTIVO,RECLUTAMIENTO,POINT (-71.69281577 6.714002169),2016,3,7,2010-2019,6.714002169,-71.69281577,1,0
304.027,2.01,7,1,81065,ARAUQUITA,ARAUCA,SARARE,DESCONOCIDA,GUERRILLA,NO IDENTIFICADA,0,0,0,0,0,0,0,0,0,2,MÚLTIPLE,SIN INFORMACIÓN,POINT (-71.29827429 6.799338394),2010,7,1,2010-2019,6.799338394,-71.29827429,1,0
304.116,2.005,4,6,81001,ARAUCA,ARAUCA,LLANOS ORIENTALES,DESCONOCIDA,GUERRILLA,ELN,0,0,0,0,0,0,0,0,0,2,MÚLTIPLE,SIN INFORMACIÓN,POINT (-70.50921153 6.796280825),2005,4,6,2000-2009,6.796280825,-70.50921153,1,0
304.12,2.005,12,24,81001,ARAUCA,ARAUCA,LLANOS ORIENTALES,DESCONOCIDA,GRUPO PARAMILITAR,AUTODEFENSAS UNIDAS DE COLOMBIA AUC,0,0,0,0,0,0,0,0,0,3,MÚLTIPLE,SIN INFORMACIÓN,POINT (-70.50921153 6.796280825),2005,12,24,2000-2009,6.796280825,-70.50921153,1,0
304.123,2.006,4,1,81001,ARAUCA,ARAUCA,LLANOS ORIENTALES,DESCONOCIDA,GUERRILLA,ELN,0,0,0,0,0,0,0,0,0,3,COLECTIVO,SIN INFORMACIÓN,POINT (-70.50921153 6.796280825),2006,4,1,2000-2009,6.796280825,-70.50921153,1,0
304.131,2.001,9,0,81001,ARAUCA,ARAUCA,LLANOS ORIENTALES,DESCONOCIDA,GUERRILLA,NO IDENTIFICADA,0,1,0,0,0,0,0,0,0,2,MÚLTIPLE,RECLUTAMIENTO,POINT (-70.50921153 6.796280825),2001,9,,2000-2009,6.796280825,-70.50921153,1,1
304.203,2.003,6,27,76834,TULUA,VALLE DEL CAUCA,CENTRO DEL VALLE,DESCONOCIDA,GRUPO PARAMILITAR,AUTODEFENSAS CAMPESINAS DE META Y VICHADA,0,0,0,0,0,0,0,0,0,2,MÚLTIPLE,SIN INFORMACIÓN,POINT (-76.03250379 4.02840797),2003,6,27,2000-2009,4.02840797,-76.03250379,1,0
304.226,2.004,9,6,76736,SEVILLA,VALLE DEL CAUCA,CENTRO DEL VALLE,DESCONOCIDA,GUERRILLA,FARC,0,0,0,0,0,0,0,0,0,2,MÚLTIPLE,SIN INFORMACIÓN,POINT (-75.88818163 4.193411919),2004,9,6,2000-2009,4.193411919,-75.88818163,1,0
304.228,2.004,12,18,76736,SEVILLA,VALLE DEL CAUCA,CENTRO DEL VALLE,DESCONOCIDA,GRUPO PARAMILITAR,AUTODEFENSAS UNIDAS DE COLOMBIA AUC,0,0,0,0,0,0,0,0,0,2,MÚLTIPLE,SIN INFORMACIÓN,POINT (-75.88818163 4.193411919),2004,12,18,2000-2009,4.193411919,-75.88818163,1,0
304.247,2.004,12,18,76563,PRADERA,VALLE DEL CAUCA,SUR DEL VALLE,DESCONOCIDA,GRUPO PARAMILITAR,AUTODEFENSAS UNIDAS DE COLOMBIA AUC,0,0,0,0,0,0,0,0,0,4,COLECTIVO,SIN INFORMACIÓN,POINT (-76.17841841 3.42063665),2004,12,18,2000-2009,3.42063665,-76.17841841,1,0
304.309,2.004,8,1,76275,FLORIDA,VALLE DEL CAUCA,SUR DEL VALLE,DESCONOCIDA,GUERRILLA,FARC,0,0,0,0,0,0,0,0,0,2,MÚLTIPLE,SIN INFORMACIÓN,POINT (-76.16477307 3.304104295),2004,8,1,2000-2009,3.304104295,-76.16477307,1,0
304.363,2.004,12,18,76126,CALIMA,VALLE DEL CAUCA,CENTRO DEL VALLE,DESCONOCIDA,GRUPO PARAMILITAR,AUTODEFENSAS UNIDAS DE COLOMBIA AUC,0,0,0,0,0,0,0,0,0,2,MÚLTIPLE,SIN INFORMACIÓN,POINT (-76.64260484 3.923271619),2004,12,18,2000-2009,3.923271619,-76.64260484,1,0
304.372,2.004,12,18,76113,BUGALAGRANDE,VALLE DEL CAUCA,CENTRO DEL VALLE,DESCONOCIDA,GRUPO PARAMILITAR,AUTODEFENSAS UNIDAS DE COLOMBIA AUC,0,0,0,0,0,0,0,0,0,7,COLECTIVO,SIN INFORMACIÓN,POINT (-76.0896103 4.196852991),2004,12,18,2000-2009,4.196852991,-76.0896103,1,0
304.403,0.0,0,0,76109,BUENAVENTURA,VALLE DEL CAUCA,ANDEN PACIFICO SUR,DESCONOCIDA,GRUPO POSDESMOVILIZACIÓN,URABEÑOS/AUTODEFENSAS GAITANISTAS DE COLOMBIA/ÁGUILAS NEGRAS/CLAN ÚSUGA,0,0,0,0,0,0,0,0,0,4,SIN INFORMACIÓN,SIN INFORMACIÓN,POINT (-77.11872831 3.493340766),,,,SIN INFORMACION,3.493340766,-77.11872831,1,0
304.412,2.003,10,14,76109,BUENAVENTURA,VALLE DEL CAUCA,ANDEN PACIFICO SUR,DESCONOCIDA,GUERRILLA,FARC,0,0,0,0,0,0,0,0,0,3,MÚLTIPLE,SIN INFORMACIÓN,POINT (-77.11872831 3.493340766),2003,10,14,2000-2009,3.493340766,-77.11872831,1,0
304.415,2.004,1,1,76109,BUENAVENTURA,VALLE DEL CAUCA,ANDEN PACIFICO SUR,DESCONOCIDA,GUERRILLA,FARC,0,0,0,0,0,0,0,0,0,2,MÚLTIPLE,SIN INFORMACIÓN,POINT (-77.11872831 3.493340766),2004,1,1,2000-2009,3.493340766,-77.11872831,1,0
304.423,2.006,1,31,76109,BUENAVENTURA,VALLE DEL CAUCA,ANDEN PACIFICO SUR,DESCONOCIDA,GUERRILLA,FARC,0,0,0,0,0,0,0,0,0,2,MÚLTIPLE,SIN INFORMACIÓN,POINT (-77.11872831 3.493340766),2006,1,31,2000-2009,3.493340766,-77.11872831,1,0
304.427,2.006,9,6,76109,BUENAVENTURA,VALLE DEL CAUCA,ANDEN PACIFICO SUR,DESCONOCIDA,GUERRILLA,FARC,0,0,0,0,0,0,0,0,0,2,MÚLTIPLE,SIN INFORMACIÓN,POINT (-77.11872831 3.493340766),2006,9,6,2000-2009,3.493340766,-77.11872831,1,0
304.431,2.007,2,13,76109,BUENAVENTURA,VALLE DEL CAUCA,ANDEN PACIFICO SUR,DESCONOCIDA,GUERRILLA,FARC,0,0,0,0,0,0,0,0,0,2,MÚLTIPLE,SIN INFORMACIÓN,POINT (-77.11872831 3.493340766),2007,2,13,2000-2009,3.493340766,-77.11872831,1,0
304.434,2.007,3,2,76109,BUENAVENTURA,VALLE DEL CAUCA,ANDEN PACIFICO SUR,DESCONOCIDA,GUERRILLA,FARC,0,0,0,0,0,0,0,0,0,2,MÚLTIPLE,SIN INFORMACIÓN,POINT (-77.11872831 3.493340766),2007,3,2,2000-2009,3.493340766,-77.11872831,1,0
304.526,2.007,1,22,76001,SANTIAGO DE CALI,VALLE DEL CAUCA,SUR DEL VALLE,DESCONOCIDA,GUERRILLA,FARC,0,0,0,0,0,0,0,0,0,4,COLECTIVO,SIN INFORMACIÓN,POINT (-76.57649259 3.399043723),2007,1,22,2000-2009,3.399043723,-76.57649259,1,0
304.538,2.011,7,22,76001,SANTIAGO DE CALI,VALLE DEL CAUCA,SUR DEL VALLE,DESCONOCIDA,GRUPO ARMADO NO IDENTIFICADO,NO APLICA,0,0,0,0,0,0,0,0,0,2,MÚLTIPLE,SIN INFORMACIÓN,POINT (-76.57649259 3.399043723),2011,7,22,2010-2019,3.399043723,-76.57649259,1,0
304.606,0.0,0,16,00000,SIN INFORMACION,SIN INFORMACION,SIN INFORMACION,DESCONOCIDA,DESCONOCIDO,NO APLICA,0,0,0,0,0,0,0,0,0,7,SIN INFORMACIÓN,RECLUTAMIENTO,POINT (-72 4),,,16,SIN INFORMACION,4.0,-72.0,1,0
304.801,2.004,5,12,73555,PLANADAS,TOLIMA,SUR DEL TOLIMA,DESCONOCIDA,GUERRILLA,FARC,0,0,0,0,0,0,0,0,0,2,MÚLTIPLE,SIN INFORMACIÓN,POINT (-75.81684413 3.09897343),2004,5,12,2000-2009,3.09897343,-75.81684413,1,0
304.851,2.005,1,4,73555,PLANADAS,TOLIMA,SUR DEL TOLIMA,DESCONOCIDA,GUERRILLA,FARC,0,1,0,0,1,0,0,0,0,2,MÚLTIPLE,RECLUTAMIENTO,POINT (-75.81684413 3.09897343),2005,1,4,2000-2009,3.09897343,-75.81684413,1,2
305.079,2.003,7,29,73236,DOLORES,TOLIMA,SUR DEL TOLIMA,DESCONOCIDA,GUERRILLA,FARC,0,0,0,0,0,0,0,0,0,2,MÚLTIPLE,SIN INFORMACIÓN,POINT (-74.80256673 3.597863274),2003,7,29,2000-2009,3.597863274,-74.80256673,1,0
305.245,2.012,10,27,73067,ATACO,TOLIMA,SUR DEL TOLIMA,DESCONOCIDA,GUERRILLA,FARC,0,0,0,0,0,0,0,0,0,4,COLECTIVO,RECLUTAMIENTO,POINT (-75.61373257 3.37749064),2012,10,27,2010-2019,3.37749064,-75.61373257,1,0
305.286,2.003,7,29,73001,IBAGUE,TOLIMA,NORTE DEL TOLIMA,DESCONOCIDA,GUERRILLA,FARC,0,0,0,0,0,0,0,0,0,2,MÚLTIPLE,SIN INFORMACIÓN,POINT (-75.252591 4.451921427),2003,7,29,2000-2009,4.451921427,-75.252591,1,0
305.301,2.015,6,6,73001,IBAGUE,TOLIMA,NORTE DEL TOLIMA,PERSUASIÓN,GRUPO POSDESMOVILIZACIÓN,NO IDENTIFICADO,0,0,0,0,0,0,0,0,0,12,COLECTIVO,RECLUTAMIENTO,POINT (-75.252591 4.451921427),2015,6,6,2010-2019,4.451921427,-75.252591,1,0
305.466,2.007,8,0,70001,SINCELEJO,SUCRE,MORROSQUILLO Y SABANAS DE SUCRE,PERSUASIÓN,GRUPO POSDESMOVILIZACIÓN,NO IDENTIFICADO,0,0,0,0,0,0,0,0,0,11,COLECTIVO,RECLUTAMIENTO,POINT (-75.43174966 9.316673928),2007,8,,2000-2009,9.316673928,-75.43174966,1,0
305.659,1.999,11,17,68255,EL PLAYON,SANTANDER,PROVINCIA DE SOTO,COACCIÓN,GRUPO PARAMILITAR,NO IDENTIFICADO,0,0,0,0,0,0,0,0,0,2,MÚLTIPLE,SIN INFORMACIÓN,POINT (-73.18158192 7.524284721),1999,11,17,1990-1999,7.524284721,-73.18158192,1,0
305.746,2.003,6,3,68167,CHARALA,SANTANDER,PROVINCIA DE GUANENTA,DESCONOCIDA,GRUPO PARAMILITAR,AUTODEFENSAS UNIDAS DE COLOMBIA AUC,0,0,0,0,0,0,0,0,0,2,MÚLTIPLE,RECLUTAMIENTO,POINT (-73.06101382 6.35099819),2003,6,3,2000-2009,6.35099819,-73.06101382,1,0
305.769,2.003,12,26,68081,BARRANCABERMEJA,SANTANDER,MAGDALENA MEDIO,DESCONOCIDA,GUERRILLA,FARC,0,0,0,0,0,0,0,8,0,2,MÚLTIPLE,SIN INFORMACIÓN,POINT (-73.78211646 7.054074558),2003,12,26,2000-2009,7.054074558,-73.78211646,1,1
305.78,2.002,6,20,68081,BARRANCABERMEJA,SANTANDER,MAGDALENA MEDIO,DESCONOCIDA,GUERRILLA,FARC,0,0,0,0,0,0,0,0,0,2,MÚLTIPLE,SIN INFORMACIÓN,POINT (-73.78211646 7.054074558),2002,6,20,2000-2009,7.054074558,-73.78211646,1,0
305.783,2.002,7,3,68081,BARRANCABERMEJA,SANTANDER,MAGDALENA MEDIO,DESCONOCIDA,GUERRILLA,FARC,0,0,0,0,0,0,0,0,0,2,MÚLTIPLE,SIN INFORMACIÓN,POINT (-73.78211646 7.054074558),2002,7,3,2000-2009,7.054074558,-73.78211646,1,0
305.79,2.002,12,7,68081,BARRANCABERMEJA,SANTANDER,MAGDALENA MEDIO,DESCONOCIDA,GRUPO PARAMILITAR,AUTODEFENSAS UNIDAS DE COLOMBIA AUC,0,0,0,0,0,0,0,0,0,5,COLECTIVO,RECLUTAMIENTO,POINT (-73.78211646 7.054074558),2002,12,7,2000-2009,7.054074558,-73.78211646,1,0
305.796,2.003,1,1,68081,BARRANCABERMEJA,SANTANDER,MAGDALENA MEDIO,DESCONOCIDA,GRUPO ARMADO NO IDENTIFICADO,NO APLICA,0,0,0,0,0,0,0,0,0,2,MÚLTIPLE,SIN INFORMACIÓN,POINT (-73.78211646 7.054074558),2003,1,1,2000-2009,7.054074558,-73.78211646,1,0
305.893,2.0,5,5,68081,BARRANCABERMEJA,SANTANDER,MAGDALENA MEDIO,DESCONOCIDA,GUERRILLA,FARC,0,0,0,0,0,0,0,0,0,3,MÚLTIPLE,RECLUTAMIENTO,POINT (-73.78211646 7.054074558),2000,5,5,2000-2009,7.054074558,-73.78211646,1,0
305.944,2.005,12,15,66687,SANTUARIO,RISARALDA,EJE CAFETERO,DESCONOCIDA,GRUPO PARAMILITAR,NO IDENTIFICADO,0,0,0,0,0,0,0,0,0,2,MÚLTIPLE,SIN INFORMACIÓN,POINT (-76.02286946 5.076100313),2005,12,15,2000-2009,5.076100313,-76.02286946,1,0
305.979,2.006,8,10,66594,QUINCHIA,RISARALDA,EJE CAFETERO,DESCONOCIDA,GUERRILLA,DISIDENCIA EPL,0,0,0,0,0,0,0,0,0,2,MÚLTIPLE,SIN INFORMACIÓN,POINT (-75.71339683 5.323906864),2006,8,10,2000-2009,5.323906864,-75.71339683,1,0
306.335,2.001,4,15,54261,EL ZULIA,NORTE DE SANTANDER,AREA METROPOLITANA DE CUCUTA,COACCIÓN,GRUPO ARMADO NO IDENTIFICADO,NO APLICA,0,1,0,0,1,0,0,0,0,4,COLECTIVO,RECLUTAMIENTO,POINT (-72.63152118 8.081200092),2001,4,15,2000-2009,8.081200092,-72.63152118,1,2
306.345,2.004,2,4,54250,EL TARRA,NORTE DE SANTANDER,CATATUMBO,DESCONOCIDA,GRUPO PARAMILITAR,AUTODEFENSAS UNIDAS DE COLOMBIA AUC,0,0,0,0,0,0,0,0,0,2,MÚLTIPLE,SIN INFORMACIÓN,POINT (-73.0317597 8.678263671),2004,2,4,2000-2009,8.678263671,-73.0317597,1,0
306.435,2.004,5,29,54001,CUCUTA,NORTE DE SANTANDER,AREA METROPOLITANA DE CUCUTA,DESCONOCIDA,GRUPO PARAMILITAR,AUTODEFENSAS UNIDAS DE COLOMBIA AUC,0,0,0,0,0,0,0,0,0,5,COLECTIVO,SIN INFORMACIÓN,POINT (-72.48862641 8.112041811),2004,5,29,2000-2009,8.112041811,-72.48862641,1,0
306.442,2.005,11,10,54001,CUCUTA,NORTE DE SANTANDER,AREA METROPOLITANA DE CUCUTA,DESCONOCIDA,GRUPO PARAMILITAR,AUTODEFENSAS UNIDAS DE COLOMBIA AUC,0,0,0,0,0,0,0,0,0,2,MÚLTIPLE,SIN INFORMACIÓN,POINT (-72.48862641 8.112041811),2005,11,10,2000-2009,8.112041811,-72.48862641,1,0
306.502,2.005,1,14,52835,SAN ANDRES DE TUMACO,NARIÑO,ANDEN PACIFICO SUR,DESCONOCIDA,GUERRILLA,ELN,0,0,0,0,0,0,0,0,0,2,MÚLTIPLE,SIN INFORMACIÓN,POINT (-78.61540963 1.574550638),2005,1,14,2000-2009,1.574550638,-78.61540963,1,0
306.522,2.009,7,10,52835,SAN ANDRES DE TUMACO,NARIÑO,ANDEN PACIFICO SUR,DESCONOCIDA,GUERRILLA,FARC,0,0,0,0,0,0,0,0,0,2,MÚLTIPLE,SIN INFORMACIÓN,POINT (-78.61540963 1.574550638),2009,7,10,2000-2009,1.574550638,-78.61540963,1,0
306.525,2.01,1,1,52835,SAN ANDRES DE TUMACO,NARIÑO,ANDEN PACIFICO SUR,DESCONOCIDA,GUERRILLA,FARC,0,0,0,0,0,0,0,0,0,2,MÚLTIPLE,SIN INFORMACIÓN,POINT (-78.61540963 1.574550638),2010,1,1,2010-2019,1.574550638,-78.61540963,1,0
306.625,2.012,8,24,52678,SAMANIEGO,NARIÑO,OCCIDENTE DE NARIÑO,DESCONOCIDA,GUERRILLA,NO IDENTIFICADA,0,0,0,0,0,0,0,0,0,2,MÚLTIPLE,SIN INFORMACIÓN,POINT (-77.69179559 1.430555262),2012,8,24,2010-2019,1.430555262,-77.69179559,1,0
306.649,2.0,10,18,52678,SAMANIEGO,NARIÑO,OCCIDENTE DE NARIÑO,DESCONOCIDA,GUERRILLA,ELN,0,0,0,0,0,0,0,0,0,7,COLECTIVO,RECLUTAMIENTO,POINT (-77.59445713 1.335351879),2000,10,18,2000-2009,1.335351879,-77.59445713,1,0
306.672,2.005,0,0,52612,RICAURTE,NARIÑO,ANDEN PACIFICO SUR,DESCONOCIDA,GUERRILLA,ELN,0,0,0,0,0,0,0,0,0,4,COLECTIVO,RECLUTAMIENTO,POINT (-78.05811118 1.147671848),2005,,,2000-2009,1.147671848,-78.05811118,1,0
306.854,2.005,4,28,52250,EL CHARCO,NARIÑO,ANDEN PACIFICO SUR,DESCONOCIDA,GUERRILLA,FARC,0,0,0,0,0,0,0,0,0,2,MÚLTIPLE,SIN INFORMACIÓN,POINT (-77.99533234 2.216382295),2005,4,28,2000-2009,2.216382295,-77.99533234,1,0
306.859,2.009,1,1,52250,EL CHARCO,NARIÑO,ANDEN PACIFICO SUR,DESCONOCIDA,GUERRILLA,NO IDENTIFICADA,0,0,0,0,0,0,0,0,0,2,MÚLTIPLE,SIN INFORMACIÓN,POINT (-77.99533234 2.216382295),2009,1,1,2000-2009,2.216382295,-77.99533234,1,0
306.866,2.01,12,1,52250,EL CHARCO,NARIÑO,ANDEN PACIFICO SUR,DESCONOCIDA,GUERRILLA,FARC,0,0,0,0,0,0,0,0,0,2,MÚLTIPLE,SIN INFORMACIÓN,POINT (-77.99533234 2.216382295),2010,12,1,2010-2019,2.216382295,-77.99533234,1,0
306.939,2.003,6,11,52079,BARBACOAS,NARIÑO,ANDEN PACIFICO SUR,DESCONOCIDA,GRUPO PARAMILITAR,AUTODEFENSAS UNIDAS DE COLOMBIA AUC,0,0,0,0,0,0,0,0,0,2,MÚLTIPLE,SIN INFORMACIÓN,POINT (-78.15621072 1.44563774),2003,6,11,2000-2009,1.44563774,-78.15621072,1,0
306.946,2.006,5,3,52079,BARBACOAS,NARIÑO,ANDEN PACIFICO SUR,DESCONOCIDA,GUERRILLA,ELN,0,0,0,0,0,0,0,0,0,2,MÚLTIPLE,SIN INFORMACIÓN,POINT (-78.15621072 1.44563774),2006,5,3,2000-2009,1.44563774,-78.15621072,1,0
306.953,2.007,7,12,52079,BARBACOAS,NARIÑO,ANDEN PACIFICO SUR,DESCONOCIDA,GUERRILLA,ELN,0,0,0,0,0,0,0,0,0,2,MÚLTIPLE,SIN INFORMACIÓN,POINT (-78.15621072 1.44563774),2007,7,12,2000-2009,1.44563774,-78.15621072,1,0
306.962,2.009,9,1,52079,BARBACOAS,NARIÑO,ANDEN PACIFICO SUR,DESCONOCIDA,GUERRILLA,FARC,0,0,0,0,0,0,0,0,0,2,MÚLTIPLE,SIN INFORMACIÓN,POINT (-78.15621072 1.44563774),2009,9,1,2000-2009,1.44563774,-78.15621072,1,0
306.965,2.01,1,1,52079,BARBACOAS,NARIÑO,ANDEN PACIFICO SUR,DESCONOCIDA,GUERRILLA,NO IDENTIFICADA,0,0,0,0,0,0,0,0,0,2,MÚLTIPLE,SIN INFORMACIÓN,POINT (-78.15621072 1.44563774),2010,1,1,2010-2019,1.44563774,-78.15621072,1,0
307.126,1.993,5,1,50711,VISTAHERMOSA,META,ARIARI GUAYABERO,COACCIÓN,GUERRILLA,FARC,0,0,0,0,0,0,0,0,0,16,COLECTIVO,RECLUTAMIENTO,POINT (-73.66652234 2.811616698),1993,5,1,1990-1999,2.811616698,-73.66652234,1,0
307.168,2.0,12,27,50711,VISTAHERMOSA,META,ARIARI GUAYABERO,DESCONOCIDA,GUERRILLA,FARC,0,0,0,0,0,0,0,0,0,2,MÚLTIPLE,SIN INFORMACIÓN,POINT (-73.66652234 2.811616698),2000,12,27,2000-2009,2.811616698,-73.66652234,1,0
307.183,2.005,1,1,50711,VISTAHERMOSA,META,ARIARI GUAYABERO,DESCONOCIDA,GUERRILLA,FARC,0,0,0,0,0,0,0,0,0,2,MÚLTIPLE,SIN INFORMACIÓN,POINT (-73.66652234 2.811616698),2005,1,1,2000-2009,2.811616698,-73.66652234,1,0
307.395,0.0,0,0,50689,SAN MARTIN,META,PIEDEMONTE LLANERO,DESCONOCIDA,GRUPO PARAMILITAR,AUTODEFENSAS UNIDAS DE COLOMBIA AUC,0,0,0,0,0,0,0,0,0,3,MÚLTIPLE,SIN INFORMACIÓN,POINT (-73.695812 3.701899),,,,SIN INFORMACION,3.701899,-73.695812,1,0
307.508,2.006,6,1,50590,PUERTO RICO,META,ARIARI GUAYABERO,DESCONOCIDA,GUERRILLA,FARC,0,0,0,0,0,0,0,0,0,2,MÚLTIPLE,SIN INFORMACIÓN,POINT (-73.13780171 2.758083657),2006,6,1,2000-2009,2.758083657,-73.13780171,1,0
307.707,2.003,6,27,50573,PUERTO LOPEZ,META,ALTILLANURA,DESCONOCIDA,GRUPO PARAMILITAR,AUTODEFENSAS CAMPESINAS DE META Y VICHADA,0,0,0,0,0,0,0,0,0,2,MÚLTIPLE,SIN INFORMACIÓN,POINT (-72.64570499 4.014298921),2003,6,27,2000-2009,4.014298921,-72.64570499,1,0
307.766,2.005,9,20,50568,PUERTO GAITAN,META,ALTILLANURA,DESCONOCIDA,GRUPO PARAMILITAR,AUTODEFENSAS CAMPESINAS DE META Y VICHADA,0,0,0,0,0,0,0,0,0,2,MÚLTIPLE,SIN INFORMACIÓN,POINT (-71.63157428 4.005034467),2005,9,20,2000-2009,4.005034467,-71.63157428,1,0
307.913,2.0,12,27,50370,URIBE,META,ARIARI GUAYABERO,PERSUASIÓN,GUERRILLA,FARC,0,0,0,0,0,0,0,0,0,2,SIN INFORMACIÓN,SIN INFORMACIÓN,POINT (-74.43066134 3.047726858),2000,12,27,2000-2009,3.047726858,-74.43066134,1,0
308.069,2.004,3,16,50350,LA MACARENA,META,ARIARI GUAYABERO,DESCONOCIDA,GUERRILLA,NO IDENTIFICADA,0,0,0,0,0,0,0,0,0,2,MÚLTIPLE,SIN INFORMACIÓN,POINT (-74.09488076 2.161863917),2004,3,16,2000-2009,2.161863917,-74.09488076,1,0
308.194,2.0,12,27,50330,MESETAS,META,ARIARI GUAYABERO,DESCONOCIDA,GUERRILLA,FARC,0,0,0,0,0,0,0,0,0,7,COLECTIVO,SIN INFORMACIÓN,POINT (-74.12454824 3.154771201),2000,12,27,2000-2009,3.154771201,-74.12454824,1,0
308.214,2.003,11,4,50330,MESETAS,META,ARIARI GUAYABERO,DESCONOCIDA,GUERRILLA,FARC,0,0,0,0,0,0,0,0,0,2,MÚLTIPLE,SIN INFORMACIÓN,POINT (-74.12454824 3.154771201),2003,11,4,2000-2009,3.154771201,-74.12454824,1,0
308.218,2.006,3,28,50330,MESETAS,META,ARIARI GUAYABERO,DESCONOCIDA,GUERRILLA,FARC,0,0,0,0,0,0,0,0,0,2,MÚLTIPLE,SIN INFORMACIÓN,POINT (-74.12454824 3.154771201),2006,3,28,2000-2009,3.154771201,-74.12454824,1,0
308.314,2.005,1,1,50325,MAPIRIPAN,META,ALTILLANURA,DESCONOCIDA,GUERRILLA,NO IDENTIFICADA,0,0,0,0,0,0,0,0,0,2,MÚLTIPLE,SIN INFORMACIÓN,POINT (-71.93805692 3.117523361),2005,1,1,2000-2009,3.117523361,-71.93805692,1,0
308.324,2.006,10,1,50325,MAPIRIPAN,META,ALTILLANURA,DESCONOCIDA,GUERRILLA,FARC,0,0,0,0,0,0,0,0,0,2,MÚLTIPLE,SIN INFORMACIÓN,POINT (-71.93805692 3.117523361),2006,10,1,2000-2009,3.117523361,-71.93805692,1,0
308.612,2.004,9,30,50001,VILLAVICENCIO,META,PIEDEMONTE LLANERO,DESCONOCIDA,GRUPO PARAMILITAR,AUTODEFENSAS CAMPESINAS DEL CASANARE (BUITRAGUEÑOS),0,0,0,0,0,0,0,0,0,5,COLECTIVO,SIN INFORMACIÓN,POINT (-73.49291594 4.09166877),2004,9,30,2000-2009,4.09166877,-73.49291594,1,0
308.618,2.005,2,14,50001,VILLAVICENCIO,META,PIEDEMONTE LLANERO,DESCONOCIDA,GRUPO ARMADO NO IDENTIFICADO,NO APLICA,0,0,0,0,0,0,0,0,0,3,MÚLTIPLE,SIN INFORMACIÓN,POINT (-73.49291594 4.09166877),2005,2,14,2000-2009,4.09166877,-73.49291594,1,0
308.623,0.0,0,0,50001,VILLAVICENCIO,META,PIEDEMONTE LLANERO,DESCONOCIDA,GRUPO PARAMILITAR,AUTODEFENSAS UNIDAS DE COLOMBIA AUC,0,0,0,0,0,0,0,0,0,3,MÚLTIPLE,SIN INFORMACIÓN,POINT (-73.627486 4.127404),,,,SIN INFORMACION,4.127404,-73.627486,1,0
308.63,2.008,5,30,50001,VILLAVICENCIO,META,PIEDEMONTE LLANERO,PERSUASIÓN,GRUPO POSDESMOVILIZACIÓN,NO IDENTIFICADO,0,0,0,0,0,0,0,0,0,2,MÚLTIPLE,SIN INFORMACIÓN,POINT (-73.49291594 4.09166877),2008,5,30,2000-2009,4.09166877,-73.49291594,1,0
308.685,0.0,0,0,50000,SIN INFORMACION,META,ARIARI GUAYABERO,COACCIÓN,GUERRILLA,NO IDENTIFICADA,0,0,0,0,0,0,0,0,0,2,MÚLTIPLE,RECLUTAMIENTO,POINT (-71.10816614 4.733969909),,,,SIN INFORMACION,4.733969909,-71.10816614,1,0
308.78,2.003,12,3,47189,CIENAGA,MAGDALENA,SIERRA NEVADA DE SANTA MARTA,DESCONOCIDA,GUERRILLA,ELN,0,0,0,0,0,0,0,0,0,2,MÚLTIPLE,SIN INFORMACIÓN,POINT (-74.02500493 10.85754552),2003,12,3,2000-2009,10.85754552,-74.02500493,1,0
308.784,2.004,2,13,47189,CIENAGA,MAGDALENA,SIERRA NEVADA DE SANTA MARTA,DESCONOCIDA,GUERRILLA,FARC,0,0,0,0,0,0,0,0,0,2,MÚLTIPLE,SIN INFORMACIÓN,POINT (-74.02500493 10.85754552),2004,2,13,2000-2009,10.85754552,-74.02500493,1,0
308.842,2.001,8,5,47001,SANTA MARTA,MAGDALENA,SIERRA NEVADA DE SANTA MARTA,PERSUASIÓN,GRUPO PARAMILITAR,AUTODEFENSAS DE HERNÁN GIRALDO,0,0,0,0,0,0,0,0,0,17,COLECTIVO,RECLUTAMIENTO,POINT (-73.88527855 11.12189436),2001,8,5,2000-2009,11.12189436,-73.88527855,1,0
309.006,2.004,11,11,44874,VILLANUEVA,LA GUAJIRA,SERRANIA DEL PERIJA,COACCIÓN,GUERRILLA,ELN,0,0,0,0,0,0,0,0,0,2,SIN INFORMACIÓN,RECLUTAMIENTO,POINT (-72.97520286 10.58364755),2004,11,11,2000-2009,10.58364755,-72.97520286,1,0
309.284,2.005,2,25,41020,ALGECIRAS,HUILA,CENTRO DEL HUILA,DESCONOCIDA,GUERRILLA,FARC,0,0,0,0,0,0,0,0,0,2,MÚLTIPLE,SIN INFORMACIÓN,POINT (-75.29134946 2.49785068),2005,2,25,2000-2009,2.49785068,-75.29134946,1,0
309.286,2.006,2,10,41020,ALGECIRAS,HUILA,CENTRO DEL HUILA,DESCONOCIDA,GUERRILLA,FARC,0,0,0,0,0,0,0,0,0,2,MÚLTIPLE,SIN INFORMACIÓN,POINT (-75.29134946 2.49785068),2006,2,10,2000-2009,2.49785068,-75.29134946,1,0
309.297,2.009,12,30,41020,ALGECIRAS,HUILA,CENTRO DEL HUILA,DESCONOCIDA,GUERRILLA,FARC,0,0,0,0,0,0,0,0,0,2,MÚLTIPLE,SIN INFORMACIÓN,POINT (-75.29134946 2.49785068),2009,12,30,2000-2009,2.49785068,-75.29134946,1,0
309.346,2.002,4,20,41006,ACEVEDO,HUILA,SUR DEL HUILA,COACCIÓN,GUERRILLA,FARC,0,1,0,0,0,0,1,0,0,2,MÚLTIPLE,RECLUTAMIENTO,POINT (-75.99664184 1.709114446),2002,4,20,2000-2009,1.709114446,-75.99664184,1,2
309.446,2.015,0,0,27787,TADO,CHOCO,VALLE DE SAN JUAN,COACCIÓN,GUERRILLA,ELN,0,1,0,0,0,0,0,0,0,2,MÚLTIPLE,RECLUTAMIENTO,POINT (-76.33109547 5.26610158),2015,,,2010-2019,5.26610158,-76.33109547,1,1
309.593,2.01,5,18,27491,NOVITA,CHOCO,VALLE DE SAN JUAN,DESCONOCIDA,GUERRILLA,ELN,0,0,0,0,0,0,0,0,0,3,MÚLTIPLE,SIN INFORMACIÓN,POINT (-76.61823668 4.853386627),2010,5,18,2010-2019,4.853386627,-76.61823668,1,0
309.645,2.001,4,30,27372,JURADO,CHOCO,LITORAL PACIFICO,DESCONOCIDA,GUERRILLA,FARC,0,0,0,0,0,0,0,0,0,2,MÚLTIPLE,RECLUTAMIENTO,POINT (-77.67973662 7.103338868),2001,4,30,2000-2009,7.103338868,-77.67973662,1,0
309.674,2.007,3,0,27250,EL LITORAL DEL SAN JUAN,CHOCO,VALLE DE SAN JUAN,DESCONOCIDA,GUERRILLA,FARC,0,0,0,0,0,0,0,0,0,8,COLECTIVO,RECLUTAMIENTO,POINT (-76.98785828 4.272940191),2007,3,,2000-2009,4.272940191,-76.98785828,1,0
309.691,1.996,10,0,27245,EL CARMEN DE ATRATO,CHOCO,ATRATO,COACCIÓN,GUERRILLA,ERG,0,1,0,0,0,0,0,0,0,2,MÚLTIPLE,RECLUTAMIENTO,POINT (-76.19189442 5.810938364),1996,10,,1990-1999,5.810938364,-76.19189442,1,1
309.728,2.017,4,15,27150,CARMEN DEL DARIEN,CHOCO,URABA,COACCIÓN,GUERRILLA,ELN,0,0,0,0,0,0,0,0,0,6,COLECTIVO,RECLUTAMIENTO,POINT (-76.97423016 7.033646541),2017,4,15,2010-2019,7.033646541,-76.97423016,1,0
309.752,2.01,9,13,27099,BOJAYA,CHOCO,ATRATO,ENGAÑO,GUERRILLA,FARC,0,0,0,0,0,0,0,0,0,7,COLECTIVO,RECLUTAMIENTO,POINT (-77.09933025 6.474666885),2010,9,13,2010-2019,6.474666885,-77.09933025,1,0
309.858,2.008,9,1,27001,QUIBDO,CHOCO,ATRATO,DESCONOCIDA,GUERRILLA,FARC,0,0,0,0,0,0,0,0,0,2,MÚLTIPLE,SIN INFORMACIÓN,POINT (-76.65015147 5.7543229),2008,9,1,2000-2009,5.7543229,-76.65015147,1,0
309.861,2.009,9,19,27001,QUIBDO,CHOCO,ATRATO,PERSUASIÓN,GUERRILLA,NO IDENTIFICADA,0,0,0,0,0,0,0,0,0,2,COLECTIVO,SIN INFORMACIÓN,POINT (-76.65015147 5.7543229),2009,9,19,2000-2009,5.7543229,-76.65015147,1,0
309.866,2.012,6,1,27001,QUIBDO,CHOCO,ATRATO,DESCONOCIDA,GUERRILLA,NO IDENTIFICADA,0,0,0,0,0,0,0,0,0,2,MÚLTIPLE,SIN INFORMACIÓN,POINT (-76.65015147 5.7543229),2012,6,1,2010-2019,5.7543229,-76.65015147,1,0
309.869,2.016,2,16,27001,QUIBDO,CHOCO,ATRATO,DESCONOCIDA,GUERRILLA,FARC,0,0,0,0,0,0,0,0,0,2,SIN INFORMACIÓN,SIN INFORMACIÓN,POINT (-76.65015147 5.7543229),2016,2,16,2010-2019,5.7543229,-76.65015147,1,0
309.901,0.0,0,0,27000,SIN INFORMACION,CHOCO,URABA,DESCONOCIDA,GUERRILLA,ELN,0,0,0,0,0,0,0,0,0,4,COLECTIVO,SIN INFORMACIÓN,POINT (-76.942811 5.397581542),,,,SIN INFORMACION,5.397581542,-76.942811,1,0
310.126,2.004,10,2,25307,GIRARDOT,CUNDINAMARCA,SUROCCIDENTE DE CUNDINAMARCA,DESCONOCIDA,GRUPO PARAMILITAR,AUTODEFENSAS CAMPESINAS DEL CASANARE (BUITRAGUEÑOS),0,0,0,0,0,0,0,0,0,2,MÚLTIPLE,SIN INFORMACIÓN,POINT (-74.81143922 4.338154518),2004,10,2,2000-2009,4.338154518,-74.81143922,1,0
310.27,2.002,8,9,23807,TIERRALTA,CORDOBA,URABA,DESCONOCIDA,GUERRILLA,NO IDENTIFICADA,0,0,0,0,0,0,0,0,0,5,COLECTIVO,SIN INFORMACIÓN,POINT (-76.16846678 7.813896829),2002,8,9,2000-2009,7.813896829,-76.16846678,1,0
310.281,2.005,1,28,23807,TIERRALTA,CORDOBA,URABA,DESCONOCIDA,GRUPO PARAMILITAR,AUTODEFENSAS UNIDAS DE COLOMBIA AUC,0,0,0,0,0,0,0,0,0,2,MÚLTIPLE,SIN INFORMACIÓN,POINT (-76.16846678 7.813896829),2005,1,28,2000-2009,7.813896829,-76.16846678,1,0
310.762,2.007,7,31,20228,CURUMANI,CESAR,SERRANIA DEL PERIJA,DESCONOCIDA,GUERRILLA,ELN,0,0,0,0,0,0,0,0,0,2,MÚLTIPLE,SIN INFORMACIÓN,POINT (-73.48810861 9.238771332),2007,7,31,2000-2009,9.238771332,-73.48810861,1,0
310.806,2.005,2,11,20013,AGUSTIN CODAZZI,CESAR,SERRANIA DEL PERIJA,DESCONOCIDA,GUERRILLA,FARC,0,0,0,0,0,0,0,0,0,2,MÚLTIPLE,SIN INFORMACIÓN,POINT (-73.22358244 9.949215908),2005,2,11,2000-2009,9.949215908,-73.22358244,1,0
310.87,2.003,7,17,20001,VALLEDUPAR,CESAR,SIERRA NEVADA DE SANTA MARTA,DESCONOCIDA,GUERRILLA,ELN,0,0,0,0,0,0,0,0,0,2,MÚLTIPLE,SIN INFORMACIÓN,POINT (-73.45784764 10.21890277),2003,7,17,2000-2009,10.21890277,-73.45784764,1,0
310.882,2.005,11,18,20001,VALLEDUPAR,CESAR,SIERRA NEVADA DE SANTA MARTA,DESCONOCIDA,GUERRILLA,ELN,0,0,0,0,0,0,0,0,0,2,MÚLTIPLE,SIN INFORMACIÓN,POINT (-73.45784764 10.21890277),2005,11,18,2000-2009,10.21890277,-73.45784764,1,0
310.884,2.004,1,1,20001,VALLEDUPAR,CESAR,SIERRA NEVADA DE SANTA MARTA,DESCONOCIDA,GRUPO PARAMILITAR,AUTODEFENSAS CAMPESINAS DE CÓRDOBA Y URABÁ (ACCU),0,0,0,0,0,0,0,0,0,22,COLECTIVO,SIN INFORMACIÓN,POINT (-73.45784764 10.21890277),2004,1,1,2000-2009,10.21890277,-73.45784764,1,0
311.09,2.012,7,30,19821,TORIBIO,CAUCA,NORTE DEL CAUCA,DESCONOCIDA,GUERRILLA,FARC,0,1,0,0,0,0,0,0,0,3,MÚLTIPLE,"UTILIZACIÓN EN ACTIVIDADES DOMÉSTICAS, DE TRANSPORTE O MENSAJERÍA",POINT (-76.271127 2.95145),2012,7,30,2010-2019,2.95145,-76.271127,1,1
311.113,2.013,4,1,19780,SUAREZ,CAUCA,NORTE DEL CAUCA,DESCONOCIDA,GUERRILLA,NO IDENTIFICADA,0,0,0,0,0,0,0,0,0,2,COLECTIVO,SIN INFORMACIÓN,POINT (-76.7458243 2.936865997),2013,4,1,2010-2019,2.936865997,-76.7458243,1,0
311.135,2.013,3,26,19743,SILVIA,CAUCA,NORTE DEL CAUCA,COACCIÓN,GUERRILLA,FARC,0,0,0,0,0,0,0,0,0,2,MÚLTIPLE,UTILIZACIÓN,POINT (-76.35057356 2.651291894),2013,3,26,2010-2019,2.651291894,-76.35057356,1,0
311.145,1.995,2,22,19701,SANTA ROSA,CAUCA,MACIZO COLOMBIANO,DESCONOCIDA,GUERRILLA,NO IDENTIFICADA,0,0,0,0,0,0,0,0,0,2,MÚLTIPLE,SIN INFORMACIÓN,POINT (-76.53876281 1.52002179),1995,2,22,1990-1999,1.52002179,-76.53876281,1,0
311.156,2.003,11,21,19701,SANTA ROSA,CAUCA,MACIZO COLOMBIANO,DESCONOCIDA,GUERRILLA,FARC,0,0,0,0,0,0,0,0,0,2,MÚLTIPLE,SIN INFORMACIÓN,POINT (-76.53876281 1.52002179),2003,11,21,2000-2009,1.52002179,-76.53876281,1,0
311.419,2.015,5,25,19364,JAMBALO,CAUCA,NORTE DEL CAUCA,DESCONOCIDA,GUERRILLA,FARC,0,0,0,0,0,0,0,0,0,2,MÚLTIPLE,RECLUTAMIENTO,POINT (-76.31124919 2.84981013),2015,5,25,2010-2019,2.84981013,-76.31124919,1,0
311.421,2.015,6,3,19364,JAMBALO,CAUCA,NORTE DEL CAUCA,DESCONOCIDA,GUERRILLA,FARC,0,0,0,0,0,0,1,0,0,2,MÚLTIPLE,RECLUTAMIENTO,POINT (-76.31124919 2.84981013),2015,6,3,2010-2019,2.84981013,-76.31124919,1,1
311.423,2.012,3,8,19364,JAMBALO,CAUCA,NORTE DEL CAUCA,DESCONOCIDA,GUERRILLA,FARC,0,0,0,0,0,0,0,0,0,2,MÚLTIPLE,UTILIZACIÓN EN ACTIVIDADES MILITARES O INTELIGENCIA,POINT (-76.31124919 2.84981013),2012,3,8,2010-2019,2.84981013,-76.31124919,1,0
311.502,2.006,7,7,19256,EL TAMBO,CAUCA,NORTE DEL CAUCA,DESCONOCIDA,GUERRILLA,FARC,0,0,0,0,0,0,0,0,0,2,MÚLTIPLE,SIN INFORMACIÓN,POINT (-77.00511207 2.534488312),2006,7,7,2000-2009,2.534488312,-77.00511207,1,0
311.583,2.005,1,17,19212,CORINTO,CAUCA,NORTE DEL CAUCA,DESCONOCIDA,GUERRILLA,FARC,0,0,0,0,0,0,0,0,0,2,MÚLTIPLE,SIN INFORMACIÓN,POINT (-76.20964569 3.136753606),2005,1,17,2000-2009,3.136753606,-76.20964569,1,0
311.585,2.005,8,4,19212,CORINTO,CAUCA,NORTE DEL CAUCA,DESCONOCIDA,GUERRILLA,FARC,0,0,0,0,0,0,0,0,0,3,MÚLTIPLE,SIN INFORMACIÓN,POINT (-76.20964569 3.136753606),2005,8,4,2000-2009,3.136753606,-76.20964569,1,0
311.628,2.012,5,5,19142,CALOTO,CAUCA,NORTE DEL CAUCA,COACCIÓN,GUERRILLA,NO IDENTIFICADA,0,0,0,0,0,0,0,0,0,2,MÚLTIPLE,RECLUTAMIENTO,POINT (-76.32127977 3.062875557),2012,5,5,2010-2019,3.062875557,-76.32127977,1,0
311.635,2.012,6,21,19137,CALDONO,CAUCA,NORTE DEL CAUCA,DESCONOCIDA,GUERRILLA,FARC,0,0,0,0,0,0,0,0,0,4,COLECTIVO,RECLUTAMIENTO,POINT (-76.42719377 2.803845691),2012,6,21,2010-2019,2.803845691,-76.42719377,1,0
311.652,2.012,5,12,19137,CALDONO,CAUCA,NORTE DEL CAUCA,DESCONOCIDA,GUERRILLA,FARC,0,0,0,0,0,0,0,0,0,3,COLECTIVO,RECLUTAMIENTO,POINT (-76.42719377 2.803845691),2012,5,12,2010-2019,2.803845691,-76.42719377,1,0
311.738,2.01,1,1,19050,ARGELIA,CAUCA,PATIA,DESCONOCIDA,GUERRILLA,ELN,0,0,0,0,0,0,0,0,0,2,MÚLTIPLE,SIN INFORMACIÓN,POINT (-77.26314906 2.329337283),2010,1,1,2010-2019,2.329337283,-77.26314906,1,0
311.74,2.01,6,1,19050,ARGELIA,CAUCA,PATIA,DESCONOCIDA,GUERRILLA,NO IDENTIFICADA,0,0,0,0,0,0,0,0,0,2,MÚLTIPLE,SIN INFORMACIÓN,POINT (-77.26314906 2.329337283),2010,6,1,2010-2019,2.329337283,-77.26314906,1,0
311.995,2.006,12,1,18753,SAN VICENTE DEL CAGUAN,CAQUETA,CAGUAN,DESCONOCIDA,GUERRILLA,FARC,0,0,0,0,0,0,0,0,0,2,MÚLTIPLE,SIN INFORMACIÓN,POINT (-74.19746971 1.308465061),2006,12,1,2000-2009,1.308465061,-74.19746971,1,0
312.006,2.008,1,1,18753,SAN VICENTE DEL CAGUAN,CAQUETA,CAGUAN,DESCONOCIDA,GUERRILLA,FARC,0,0,0,0,0,0,0,0,0,3,MÚLTIPLE,SIN INFORMACIÓN,POINT (-74.19746971 1.308465061),2008,1,1,2000-2009,1.308465061,-74.19746971,1,0
312.014,2.008,10,1,18753,SAN VICENTE DEL CAGUAN,CAQUETA,CAGUAN,DESCONOCIDA,GUERRILLA,FARC,0,0,0,0,0,0,0,0,0,2,MÚLTIPLE,SIN INFORMACIÓN,POINT (-74.19746971 1.308465061),2008,10,1,2000-2009,1.308465061,-74.19746971,1,0
312.02,2.009,10,1,18753,SAN VICENTE DEL CAGUAN,CAQUETA,CAGUAN,DESCONOCIDA,GUERRILLA,FARC,0,0,0,0,0,0,0,0,0,2,MÚLTIPLE,SIN INFORMACIÓN,POINT (-74.19746971 1.308465061),2009,10,1,2000-2009,1.308465061,-74.19746971,1,0
312.032,2.012,8,4,18753,SAN VICENTE DEL CAGUAN,CAQUETA,CAGUAN,DESCONOCIDA,GUERRILLA,NO IDENTIFICADA,0,0,0,0,0,0,0,0,0,2,COLECTIVO,SIN INFORMACIÓN,POINT (-74.19746971 1.308465061),2012,8,4,2010-2019,1.308465061,-74.19746971,1,0
312.037,2.013,1,23,18753,SAN VICENTE DEL CAGUAN,CAQUETA,CAGUAN,DESCONOCIDA,GUERRILLA,NO IDENTIFICADA,0,0,0,0,0,0,0,0,0,2,MÚLTIPLE,SIN INFORMACIÓN,POINT (-74.19746971 1.308465061),2013,1,23,2010-2019,1.308465061,-74.19746971,1,0
312.316,2.011,12,15,18610,SAN JOSE DEL FRAGUA,CAQUETA,FLORENCIA Y AREA DE INFLUENCIA,DESCONOCIDA,GUERRILLA,NO IDENTIFICADA,0,0,0,0,0,0,0,0,0,2,MÚLTIPLE,SIN INFORMACIÓN,POINT (-76.11000594 1.304702314),2011,12,15,2010-2019,1.304702314,-76.11000594,1,0
312.434,2.005,1,23,18460,MILAN,CAQUETA,FLORENCIA Y AREA DE INFLUENCIA,DESCONOCIDA,GUERRILLA,NO IDENTIFICADA,0,0,0,0,0,0,0,0,0,2,MÚLTIPLE,RECLUTAMIENTO,POINT (-75.38664764 1.146692554),2005,1,23,2000-2009,1.146692554,-75.38664764,1,0
312.684,0.0,0,0,18205,CURILLO,CAQUETA,FLORENCIA Y AREA DE INFLUENCIA,PERSUASIÓN,GUERRILLA,NO IDENTIFICADA,0,0,0,0,0,0,0,0,0,2,MÚLTIPLE,RECLUTAMIENTO,POINT (-75.97328452 1.115379292),,,,SIN INFORMACION,1.115379292,-75.97328452,1,0
312.767,2.008,9,1,18150,CARTAGENA DEL CHAIRA,CAQUETA,CAGUAN,DESCONOCIDA,GUERRILLA,FARC,0,0,0,0,0,0,0,0,0,2,MÚLTIPLE,SIN INFORMACIÓN,POINT (-74.27235499 0.647693081),2008,9,1,2000-2009,0.647693081,-74.27235499,1,0
312.951,2.003,9,9,18001,FLORENCIA,CAQUETA,FLORENCIA Y AREA DE INFLUENCIA,DESCONOCIDA,GUERRILLA,FARC,0,0,0,0,0,0,0,0,0,2,MÚLTIPLE,SIN INFORMACIÓN,POINT (-75.55823906 1.749138704),2003,9,9,2000-2009,1.749138704,-75.55823906,1,0
312.969,2.007,2,1,18001,FLORENCIA,CAQUETA,FLORENCIA Y AREA DE INFLUENCIA,DESCONOCIDA,GUERRILLA,FARC,0,0,0,0,0,0,0,0,0,2,MÚLTIPLE,SIN INFORMACIÓN,POINT (-75.55823906 1.749138704),2007,2,1,2000-2009,1.749138704,-75.55823906,1,0
313.144,2.007,5,3,17662,SAMANA,CALDAS,EJE CAFETERO,DESCONOCIDA,GUERRILLA,FARC,0,0,0,0,0,0,0,0,0,3,MÚLTIPLE,SIN INFORMACIÓN,POINT (-74.99718577 5.519692873),2007,5,3,2000-2009,5.519692873,-74.99718577,1,0
313.29,2.004,9,24,17433,MANZANARES,CALDAS,EJE CAFETERO,DESCONOCIDA,GRUPO PARAMILITAR,AUTODEFENSAS UNIDAS DE COLOMBIA AUC,0,0,0,0,0,0,0,0,0,2,MÚLTIPLE,SIN INFORMACIÓN,POINT (-75.15263447 5.23295391),2004,9,24,2000-2009,5.23295391,-75.15263447,1,0
313.302,2.003,6,11,17380,LA DORADA,CALDAS,MAGDALENA MEDIO,DESCONOCIDA,GRUPO PARAMILITAR,AUTODEFENSAS UNIDAS DE COLOMBIA AUC,0,0,0,0,0,0,0,0,0,4,COLECTIVO,SIN INFORMACIÓN,POINT (-74.72114262 5.410515691),2003,6,11,2000-2009,5.410515691,-74.72114262,1,0
313.311,2.005,12,24,17380,LA DORADA,CALDAS,MAGDALENA MEDIO,DESCONOCIDA,GRUPO PARAMILITAR,AUTODEFENSAS UNIDAS DE COLOMBIA AUC,0,0,0,0,0,0,0,0,0,2,MÚLTIPLE,SIN INFORMACIÓN,POINT (-74.72114262 5.410515691),2005,12,24,2000-2009,5.410515691,-74.72114262,1,0
313.497,2.004,9,30,15455,MIRAFLORES,BOYACA,ALTIPLANO CUNDIBOYACENSE,DESCONOCIDA,GRUPO PARAMILITAR,AUTODEFENSAS CAMPESINAS DEL CASANARE (BUITRAGUEÑOS),0,0,0,0,0,0,0,0,0,2,MÚLTIPLE,SIN INFORMACIÓN,POINT (-73.17896722 5.150953297),2004,9,30,2000-2009,5.150953297,-73.17896722,1,0
313.503,2.004,4,2,15425,MACANAL,BOYACA,ALTIPLANO CUNDIBOYACENSE,DESCONOCIDA,GRUPO PARAMILITAR,AUTODEFENSAS CAMPESINAS DEL CASANARE (BUITRAGUEÑOS),0,0,0,0,0,0,0,0,0,2,MÚLTIPLE,SIN INFORMACIÓN,POINT (-73.29413695 4.980176495),2004,4,2,2000-2009,4.980176495,-73.29413695,1,0
313.542,2.003,12,9,15367,JENESANO,BOYACA,ALTIPLANO CUNDIBOYACENSE,DESCONOCIDA,GRUPO PARAMILITAR,AUTODEFENSAS CAMPESINAS DEL CASANARE (BUITRAGUEÑOS),0,0,0,0,0,0,0,0,0,2,MÚLTIPLE,SIN INFORMACIÓN,POINT (-73.40087021 5.38916272),2003,12,9,2000-2009,5.38916272,-73.40087021,1,0
313.637,2.003,6,11,13744,SIMITI,BOLIVAR,MAGDALENA MEDIO,DESCONOCIDA,GRUPO PARAMILITAR,AUTODEFENSAS UNIDAS DE COLOMBIA AUC,0,0,0,0,0,0,0,0,0,2,MÚLTIPLE,SIN INFORMACIÓN,POINT (-73.98371609 7.851315534),2003,6,11,2000-2009,7.851315534,-73.98371609,1,0
313.674,2.007,11,11,13688,SANTA ROSA DEL SUR,BOLIVAR,MAGDALENA MEDIO,DESCONOCIDA,GUERRILLA,ELN,0,0,0,0,0,0,0,0,0,4,COLECTIVO,RECLUTAMIENTO,POINT (-74.26272843 7.772519173),2007,11,11,2000-2009,7.772519173,-74.26272843,1,0
313.88,2.007,8,1,13473,MORALES,BOLIVAR,MAGDALENA MEDIO,DESCONOCIDA,GUERRILLA,FARC,0,0,0,0,0,0,0,0,0,3,MÚLTIPLE,SIN INFORMACIÓN,POINT (-73.9713459 8.253700061),2007,8,1,2000-2009,8.253700061,-73.9713459,1,0
313.903,2.014,9,9,13458,MONTECRISTO,BOLIVAR,LA MOJANA,DESCONOCIDA,GUERRILLA,FARC,0,0,0,0,0,0,0,0,0,2,MÚLTIPLE,RECLUTAMIENTO,POINT (-74.46342911 8.01710024),2014,9,9,2010-2019,8.01710024,-74.46342911,1,0
313.953,2.004,4,14,13244,EL CARMEN DE BOLIVAR,BOLIVAR,MONTES DE MARIA,PERSUASIÓN,GRUPO PARAMILITAR,AUTODEFENSAS UNIDAS DE COLOMBIA AUC,0,0,0,0,0,0,0,0,0,2,MÚLTIPLE,RECLUTAMIENTO,POINT (-75.15793573 9.699819876),2004,4,14,2000-2009,9.699819876,-75.15793573,1,0
314.026,1.99,2,3,13212,CORDOBA,BOLIVAR,MONTES DE MARIA,COACCIÓN,GRUPO PARAMILITAR,NO IDENTIFICADO,0,0,0,0,0,0,0,0,0,3,MÚLTIPLE,RECLUTAMIENTO,POINT (-74.89445635 9.540047515),1990,2,3,1990-1999,9.540047515,-74.89445635,1,0
314.139,2.003,1,24,11001,"BOGOTA, D.C.","BOGOTA, D. C.",AREA METROPOLITANA DE BOGOTA,DESCONOCIDA,GUERRILLA,FARC,0,0,0,0,0,0,0,0,0,2,MÚLTIPLE,SIN INFORMACIÓN,POINT (-74.1810727 4.316107698),2003,1,24,2000-2009,4.316107698,-74.1810727,1,0
314.149,2.004,3,1,11001,"BOGOTA, D.C.","BOGOTA, D. C.",AREA METROPOLITANA DE BOGOTA,DESCONOCIDA,GRUPO ARMADO NO IDENTIFICADO,NO APLICA,0,0,0,0,0,0,0,0,0,2,MÚLTIPLE,SIN INFORMACIÓN,POINT (-74.1810727 4.316107698),2004,3,1,2000-2009,4.316107698,-74.1810727,1,0
314.154,2.004,9,24,11001,"BOGOTA, D.C.","BOGOTA, D. C.",AREA METROPOLITANA DE BOGOTA,DESCONOCIDA,GRUPO PARAMILITAR,AUTODEFENSAS CAMPESINAS DEL CASANARE (BUITRAGUEÑOS),0,0,0,0,0,0,0,0,0,2,MÚLTIPLE,SIN INFORMACIÓN,POINT (-74.1810727 4.316107698),2004,9,24,2000-2009,4.316107698,-74.1810727,1,0
314.156,2.004,9,30,11001,"BOGOTA, D.C.","BOGOTA, D. C.",AREA METROPOLITANA DE BOGOTA,DESCONOCIDA,GRUPO PARAMILITAR,AUTODEFENSAS CAMPESINAS DEL CASANARE (BUITRAGUEÑOS),0,0,0,0,0,0,0,0,0,3,MÚLTIPLE,SIN INFORMACIÓN,POINT (-74.1810727 4.316107698),2004,9,30,2000-2009,4.316107698,-74.1810727,1,0
314.16,2.004,10,4,11001,"BOGOTA, D.C.","BOGOTA, D. C.",AREA METROPOLITANA DE BOGOTA,DESCONOCIDA,GRUPO PARAMILITAR,AUTODEFENSAS CAMPESINAS DEL CASANARE (BUITRAGUEÑOS),0,0,0,0,0,0,0,0,0,2,MÚLTIPLE,SIN INFORMACIÓN,POINT (-74.1810727 4.316107698),2004,10,4,2000-2009,4.316107698,-74.1810727,1,0
314.173,2.006,3,10,11001,"BOGOTA, D.C.","BOGOTA, D. C.",AREA METROPOLITANA DE BOGOTA,DESCONOCIDA,GUERRILLA,FARC,0,0,0,0,0,0,0,0,0,4,COLECTIVO,SIN INFORMACIÓN,POINT (-74.1810727 4.316107698),2006,3,10,2000-2009,4.316107698,-74.1810727,1,0
314.177,2.007,5,25,11001,"BOGOTA, D.C.","BOGOTA, D. C.",AREA METROPOLITANA DE BOGOTA,DESCONOCIDA,GUERRILLA,FARC,0,0,0,0,0,0,0,0,0,2,MÚLTIPLE,SIN INFORMACIÓN,POINT (-74.1810727 4.316107698),2007,5,25,2000-2009,4.316107698,-74.1810727,1,0
314.58,2.006,1,17,05790,TARAZA,ANTIOQUIA,BAJO CAUCA ANTIOQUEÑO,DESCONOCIDA,GRUPO PARAMILITAR,AUTODEFENSAS UNIDAS DE COLOMBIA AUC,0,0,0,0,0,0,0,0,0,10,COLECTIVO,SIN INFORMACIÓN,POINT (-75.40189438 7.488875998),2006,1,17,2000-2009,7.488875998,-75.40189438,1,0
314.822,2.004,2,2,05697,EL SANTUARIO,ANTIOQUIA,ORIENTE ANTIOQUEÑO,DESCONOCIDA,GUERRILLA,FARC,0,0,0,0,0,0,0,0,0,2,MÚLTIPLE,SIN INFORMACIÓN,POINT (-75.25212278 6.124209495),2004,2,2,2000-2009,6.124209495,-75.25212278,1,0
314.965,2.003,9,3,05660,SAN LUIS,ANTIOQUIA,ORIENTE ANTIOQUEÑO,DESCONOCIDA,GUERRILLA,ELN,0,0,0,0,0,0,0,0,0,2,MÚLTIPLE,SIN INFORMACIÓN,POINT (-75.0076674 6.024205956),2003,9,3,2000-2009,6.024205956,-75.0076674,1,0
314.969,2.005,3,31,05660,SAN LUIS,ANTIOQUIA,ORIENTE ANTIOQUEÑO,DESCONOCIDA,GUERRILLA,ELN,0,0,0,0,0,0,0,0,0,2,MÚLTIPLE,SIN INFORMACIÓN,POINT (-75.0076674 6.024205956),2005,3,31,2000-2009,6.024205956,-75.0076674,1,0
314.996,2.001,0,0,05652,SAN FRANCISCO,ANTIOQUIA,ORIENTE ANTIOQUEÑO,PERSUASIÓN,GUERRILLA,ELN,0,1,0,0,0,0,0,0,0,2,MÚLTIPLE,RECLUTAMIENTO,POINT (-74.98176334 5.840093731),2001,,,2000-2009,5.840093731,-74.98176334,1,1
314.998,2.002,6,26,05652,SAN FRANCISCO,ANTIOQUIA,ORIENTE ANTIOQUEÑO,COACCIÓN,GUERRILLA,ELN,0,1,0,0,1,0,0,0,0,2,MÚLTIPLE,SIN INFORMACIÓN,POINT (-74.98176334 5.840093731),2002,6,26,2000-2009,5.840093731,-74.98176334,1,2
315.003,2.003,5,6,05652,SAN FRANCISCO,ANTIOQUIA,ORIENTE ANTIOQUEÑO,DESCONOCIDA,GUERRILLA,ELN,0,0,0,0,0,0,0,0,0,2,MÚLTIPLE,SIN INFORMACIÓN,POINT (-74.98176334 5.840093731),2003,5,6,2000-2009,5.840093731,-74.98176334,1,0
315.114,2.005,12,8,05604,REMEDIOS,ANTIOQUIA,NORDESTE ANTIOQUEÑO,DESCONOCIDA,GRUPO PARAMILITAR,AUTODEFENSAS UNIDAS DE COLOMBIA AUC,0,0,0,0,0,0,0,0,0,6,COLECTIVO,RECLUTAMIENTO,POINT (-74.55865652 6.997267375),2005,12,8,2000-2009,6.997267375,-74.55865652,1,0
315.198,2.002,3,19,05579,PUERTO BERRIO,ANTIOQUIA,MAGDALENA MEDIO,DESCONOCIDA,GRUPO PARAMILITAR,AUTODEFENSAS UNIDAS DE COLOMBIA AUC,0,0,0,0,0,0,0,0,0,2,MÚLTIPLE,SIN INFORMACIÓN,POINT (-74.5287421 6.481922267),2002,3,19,2000-2009,6.481922267,-74.5287421,1,0
315.208,2.005,12,8,05579,PUERTO BERRIO,ANTIOQUIA,MAGDALENA MEDIO,DESCONOCIDA,GRUPO PARAMILITAR,AUTODEFENSAS UNIDAS DE COLOMBIA AUC,0,0,0,0,0,0,0,0,0,2,MÚLTIPLE,SIN INFORMACIÓN,POINT (-74.5287421 6.481922267),2005,12,8,2000-2009,6.481922267,-74.5287421,1,0
315.27,2.011,0,0,05495,NECHI,ANTIOQUIA,LA MOJANA,DESCONOCIDA,GRUPO POSDESMOVILIZACIÓN,URABEÑOS/AUTODEFENSAS GAITANISTAS DE COLOMBIA/ÁGUILAS NEGRAS/CLAN ÚSUGA,0,0,0,0,0,0,0,0,0,3,MÚLTIPLE,RECLUTAMIENTO,POINT (-74.65844186 7.983477394),2011,,,2010-2019,7.983477394,-74.65844186,1,0
315.398,1.998,1,1,05480,MUTATA,ANTIOQUIA,URABA,DESCONOCIDA,GUERRILLA,NO IDENTIFICADA,0,0,0,0,0,0,0,0,0,2,MÚLTIPLE,SIN INFORMACIÓN,POINT (-76.46306569 7.329557848),1998,1,1,1990-1999,7.329557848,-76.46306569,1,0
315.502,2.003,10,14,05361,ITUANGO,ANTIOQUIA,NORTE DE ANTIOQUIA,DESCONOCIDA,GUERRILLA,FARC,0,0,0,0,0,0,0,0,0,2,MÚLTIPLE,SIN INFORMACIÓN,POINT (-75.67842277 7.341549718),2003,10,14,2000-2009,7.341549718,-75.67842277,1,0
315.507,2.004,4,27,05361,ITUANGO,ANTIOQUIA,NORTE DE ANTIOQUIA,DESCONOCIDA,GUERRILLA,FARC,0,0,0,0,0,0,0,0,0,2,MÚLTIPLE,SIN INFORMACIÓN,POINT (-75.67842277 7.341549718),2004,4,27,2000-2009,7.341549718,-75.67842277,1,0
315.509,2.004,6,23,05361,ITUANGO,ANTIOQUIA,NORTE DE ANTIOQUIA,DESCONOCIDA,GUERRILLA,FARC,0,0,0,0,0,0,0,0,0,2,MÚLTIPLE,SIN INFORMACIÓN,POINT (-75.67842277 7.341549718),2004,6,23,2000-2009,7.341549718,-75.67842277,1,0
315.642,1.997,11,30,05313,GRANADA,ANTIOQUIA,ORIENTE ANTIOQUEÑO,COACCIÓN,GUERRILLA,NO IDENTIFICADA,0,1,0,0,0,0,0,0,0,4,COLECTIVO,RECLUTAMIENTO,POINT (-75.12763646 6.123380721),1997,11,30,1990-1999,6.123380721,-75.12763646,1,1
315.72,0.0,0,0,05250,EL BAGRE,ANTIOQUIA,BAJO CAUCA ANTIOQUEÑO,DESCONOCIDA,GUERRILLA,FARC,0,0,0,0,0,0,0,0,0,2,SIN INFORMACIÓN,RECLUTAMIENTO,POINT (-74.66427726 7.704633351),,,,SIN INFORMACION,7.704633351,-74.66427726,1,0
315.726,2.003,6,11,05250,EL BAGRE,ANTIOQUIA,BAJO CAUCA ANTIOQUEÑO,DESCONOCIDA,GRUPO PARAMILITAR,AUTODEFENSAS UNIDAS DE COLOMBIA AUC,0,0,0,0,0,0,0,0,0,3,MÚLTIPLE,SIN INFORMACIÓN,POINT (-74.66427726 7.704633351),2003,6,11,2000-2009,7.704633351,-74.66427726,1,0
315.743,2.006,9,26,05250,EL BAGRE,ANTIOQUIA,BAJO CAUCA ANTIOQUEÑO,DESCONOCIDA,GUERRILLA,ELN,0,0,0,0,0,0,0,0,0,2,MÚLTIPLE,SIN INFORMACIÓN,POINT (-74.66427726 7.704633351),2006,9,26,2000-2009,7.704633351,-74.66427726,1,0
315.913,2.003,3,17,05197,COCORNA,ANTIOQUIA,ORIENTE ANTIOQUEÑO,DESCONOCIDA,GUERRILLA,ELN,0,0,0,0,0,0,0,0,0,2,MÚLTIPLE,SIN INFORMACIÓN,POINT (-75.16015403 6.005593074),2003,3,17,2000-2009,6.005593074,-75.16015403,1,0
316.201,2.006,1,17,05107,BRICEÑO,ANTIOQUIA,NORTE DE ANTIOQUIA,DESCONOCIDA,GRUPO PARAMILITAR,AUTODEFENSAS UNIDAS DE COLOMBIA AUC,0,0,0,0,0,0,0,0,0,3,MÚLTIPLE,SIN INFORMACIÓN,POINT (-75.56223474 7.111788462),2006,1,17,2000-2009,7.111788462,-75.56223474,1,0
316.227,1.999,1,1,05093,BETULIA,ANTIOQUIA,SUROESTE ANTIOQUEÑO,DESCONOCIDA,GRUPO ARMADO NO IDENTIFICADO,NO APLICA,0,0,0,0,0,0,0,0,0,3,MÚLTIPLE,SIN INFORMACIÓN,POINT (-75.95649246 6.185783612),1999,1,1,1990-1999,6.185783612,-75.95649246,1,0
316.267,2.002,12,27,05055,ARGELIA,ANTIOQUIA,ORIENTE ANTIOQUEÑO,COACCIÓN,GUERRILLA,FARC,0,1,0,0,0,0,0,0,0,2,MÚLTIPLE,RECLUTAMIENTO,POINT (-75.09469795 5.708114524),2002,12,27,2000-2009,5.708114524,-75.09469795,1,1
316.375,2.015,4,27,05045,APARTADO,ANTIOQUIA,URABA,COACCIÓN,GUERRILLA,FARC,0,0,0,0,0,0,0,0,0,6,COLECTIVO,RECLUTAMIENTO,POINT (-76.58236264 7.86047815),2015,4,27,2010-2019,7.86047815,-76.58236264,1,0
316.489,2.005,12,20,05040,ANORI,ANTIOQUIA,NORDESTE ANTIOQUEÑO,DESCONOCIDA,GUERRILLA,ELN,0,0,0,0,0,0,0,0,0,2,MÚLTIPLE,SIN INFORMACIÓN,POINT (-75.10848954 7.193110778),2005,12,20,2000-2009,7.193110778,-75.10848954,1,0
316.623,2.002,11,7,05001,MEDELLIN,ANTIOQUIA,VALLE DE ABURRA,DESCONOCIDA,GUERRILLA,FARC,0,0,0,0,0,0,0,0,0,2,MÚLTIPLE,SIN INFORMACIÓN,POINT (-75.61103107 6.257590259),2002,11,7,2000-2009,6.257590259,-75.61103107,1,0
316.625,2.002,11,8,05001,MEDELLIN,ANTIOQUIA,VALLE DE ABURRA,DESCONOCIDA,GUERRILLA,FARC,0,0,0,0,0,0,0,0,0,2,MÚLTIPLE,SIN INFORMACIÓN,POINT (-75.61103107 6.257590259),2002,11,8,2000-2009,6.257590259,-75.61103107,1,0
316.643,2.003,11,12,05001,MEDELLIN,ANTIOQUIA,VALLE DE ABURRA,DESCONOCIDA,GRUPO PARAMILITAR,AUTODEFENSAS UNIDAS DE COLOMBIA AUC,0,0,0,0,0,0,0,0,0,34,COLECTIVO,SIN INFORMACIÓN,POINT (-75.61103107 6.257590259),2003,11,12,2000-2009,6.257590259,-75.61103107,1,0
316.681,2.004,4,12,05001,MEDELLIN,ANTIOQUIA,VALLE DE ABURRA,DESCONOCIDA,GUERRILLA,FARC,0,0,0,0,0,0,0,0,0,2,MÚLTIPLE,SIN INFORMACIÓN,POINT (-75.61103107 6.257590259),2004,4,12,2000-2009,6.257590259,-75.61103107,1,0
316.686,2.004,6,11,05001,MEDELLIN,ANTIOQUIA,VALLE DE ABURRA,DESCONOCIDA,GUERRILLA,FARC,0,0,0,0,0,0,0,0,0,2,MÚLTIPLE,SIN INFORMACIÓN,POINT (-75.61103107 6.257590259),2004,6,11,2000-2009,6.257590259,-75.61103107,1,0
316.693,2.005,6,27,05001,MEDELLIN,ANTIOQUIA,VALLE DE ABURRA,DESCONOCIDA,GRUPO PARAMILITAR,AUTODEFENSAS UNIDAS DE COLOMBIA AUC,0,0,0,0,0,0,0,0,0,2,MÚLTIPLE,SIN INFORMACIÓN,POINT (-75.61103107 6.257590259),2005,6,27,2000-2009,6.257590259,-75.61103107,1,0
316.695,2.005,8,21,05001,MEDELLIN,ANTIOQUIA,VALLE DE ABURRA,DESCONOCIDA,GRUPO PARAMILITAR,AUTODEFENSAS UNIDAS DE COLOMBIA AUC,0,0,0,0,0,0,0,0,0,2,MÚLTIPLE,SIN INFORMACIÓN,POINT (-75.61103107 6.257590259),2005,8,21,2000-2009,6.257590259,-75.61103107,1,0
316.96,0.0,0,0,00000,SIN INFORMACION,SIN INFORMACION,SIN INFORMACION,DESCONOCIDA,GRUPO ARMADO NO IDENTIFICADO,NO APLICA,0,0,0,0,0,0,0,0,0,2,SIN INFORMACIÓN,RECLUTAMIENTO,POINT (-72 4),,,,SIN INFORMACION,4.0,-72.0,1,0
317.782,0.0,0,0,00000,SIN INFORMACION,SIN INFORMACION,SIN INFORMACION,DESCONOCIDA,GRUPO PARAMILITAR,AUTODEFENSAS UNIDAS DE COLOMBIA AUC,0,0,0,0,0,0,0,0,0,5,SIN INFORMACIÓN,SIN INFORMACIÓN,POINT (-72 4),,,,SIN INFORMACION,4.0,-72.0,1,0
317.788,0.0,0,0,00000,SIN INFORMACION,SIN INFORMACION,SIN INFORMACION,DESCONOCIDA,GRUPO ARMADO NO IDENTIFICADO,NO APLICA,0,0,0,0,0,0,0,0,0,2,SIN INFORMACIÓN,UTILIZACIÓN,POINT (-72 4),,,,SIN INFORMACION,4.0,-72.0,1,0
317.796,0.0,0,0,00000,SIN INFORMACION,SIN INFORMACION,SIN INFORMACION,DESCONOCIDA,GUERRILLA,ELN,0,0,0,0,0,0,0,0,0,2,SIN INFORMACIÓN,RECLUTAMIENTO,POINT (-72 4),,,,SIN INFORMACION,4.0,-72.0,1,0
317.798,0.0,0,0,00000,SIN INFORMACION,SIN INFORMACION,SIN INFORMACION,DESCONOCIDA,GUERRILLA,FARC,0,0,0,0,0,0,0,0,0,3,SIN INFORMACIÓN,RECLUTAMIENTO,POINT (-72 4),,,,SIN INFORMACION,4.0,-72.0,1,0
317.799,0.0,0,0,00000,SIN INFORMACION,SIN INFORMACION,SIN INFORMACION,DESCONOCIDA,GUERRILLA,FARC,0,0,0,0,0,0,0,0,0,4,SIN INFORMACIÓN,RECLUTAMIENTO,POINT (-72 4),,,,SIN INFORMACION,4.0,-72.0,1,0
317.803,0.0,0,0,00000,SIN INFORMACION,SIN INFORMACION,SIN INFORMACION,DESCONOCIDA,GUERRILLA,ELN,0,0,0,0,0,0,0,0,0,2,SIN INFORMACIÓN,RECLUTAMIENTO,POINT (-72 4),,,,SIN INFORMACION,4.0,-72.0,1,0
317.805,0.0,0,0,00000,SIN INFORMACION,SIN INFORMACION,SIN INFORMACION,DESCONOCIDA,GUERRILLA,ELN,0,0,0,0,0,0,0,0,0,3,SIN INFORMACIÓN,RECLUTAMIENTO,POINT (-72 4),,,,SIN INFORMACION,4.0,-72.0,1,0
317.815,0.0,0,0,00000,SIN INFORMACION,SIN INFORMACION,SIN INFORMACION,DESCONOCIDA,GUERRILLA,ELN,0,0,0,0,0,0,0,0,0,2,SIN INFORMACIÓN,RECLUTAMIENTO,POINT (-72 4),,,,SIN INFORMACION,4.0,-72.0,1,0
317.817,0.0,0,0,00000,SIN INFORMACION,SIN INFORMACION,SIN INFORMACION,DESCONOCIDA,GUERRILLA,ELN,0,0,0,0,0,0,0,0,0,3,SIN INFORMACIÓN,RECLUTAMIENTO,POINT (-72 4),,,,SIN INFORMACION,4.0,-72.0,1,0
317.82,0.0,0,0,00000,SIN INFORMACION,SIN INFORMACION,SIN INFORMACION,DESCONOCIDA,GUERRILLA,FARC,0,0,0,0,0,0,0,0,0,5,SIN INFORMACIÓN,RECLUTAMIENTO,POINT (-72 4),,,,SIN INFORMACION,4.0,-72.0,1,0
317.828,0.0,0,0,00000,SIN INFORMACION,SIN INFORMACION,SIN INFORMACION,DESCONOCIDA,GUERRILLA,FARC,0,0,0,0,0,0,0,0,0,2,SIN INFORMACIÓN,SIN INFORMACIÓN,POINT (-72 4),,,,SIN INFORMACION,4.0,-72.0,1,0
317.832,0.0,0,0,00000,SIN INFORMACION,SIN INFORMACION,SIN INFORMACION,DESCONOCIDA,GUERRILLA,ELN,0,0,0,0,0,0,0,0,0,3,SIN INFORMACIÓN,SIN INFORMACIÓN,POINT (-72 4),,,,SIN INFORMACION,4.0,-72.0,1,0
317.835,0.0,0,0,00000,SIN INFORMACION,SIN INFORMACION,SIN INFORMACION,DESCONOCIDA,GUERRILLA,FARC,0,0,0,0,0,0,0,0,0,3,SIN INFORMACIÓN,SIN INFORMACIÓN,POINT (-72 4),,,,SIN INFORMACION,4.0,-72.0,1,0
317.839,0.0,0,0,00000,SIN INFORMACION,SIN INFORMACION,SIN INFORMACION,DESCONOCIDA,GUERRILLA,FARC,0,0,0,0,0,0,0,0,0,3,SIN INFORMACIÓN,SIN INFORMACIÓN,POINT (-72 4),,,,SIN INFORMACION,4.0,-72.0,1,0
317.861,0.0,0,0,00000,SIN INFORMACION,SIN INFORMACION,SIN INFORMACION,DESCONOCIDA,GUERRILLA,ELN,0,0,0,0,0,0,0,0,0,2,SIN INFORMACIÓN,SIN INFORMACIÓN,POINT (-72 4),,,,SIN INFORMACION,4.0,-72.0,1,0
317.863,0.0,0,0,00000,SIN INFORMACION,SIN INFORMACION,SIN INFORMACION,DESCONOCIDA,GUERRILLA,FARC,0,0,0,0,0,0,0,0,0,2,SIN INFORMACIÓN,SIN INFORMACIÓN,POINT (-72 4),,,,SIN INFORMACION,4.0,-72.0,1,0
317.865,0.0,0,0,00000,SIN INFORMACION,SIN INFORMACION,SIN INFORMACION,DESCONOCIDA,GUERRILLA,FARC,0,0,0,0,0,0,0,0,0,2,SIN INFORMACIÓN,SIN INFORMACIÓN,POINT (-72 4),,,,SIN INFORMACION,4.0,-72.0,1,0
317.867,0.0,0,0,00000,SIN INFORMACION,SIN INFORMACION,SIN INFORMACION,DESCONOCIDA,GUERRILLA,FARC,0,0,0,0,0,0,0,0,0,4,SIN INFORMACIÓN,SIN INFORMACIÓN,POINT (-72 4),,,,SIN INFORMACION,4.0,-72.0,1,0
317.871,0.0,0,0,00000,SIN INFORMACION,SIN INFORMACION,SIN INFORMACION,DESCONOCIDA,GUERRILLA,FARC,0,0,0,0,0,0,0,0,0,2,SIN INFORMACIÓN,SIN INFORMACIÓN,POINT (-72 4),,,,SIN INFORMACION,4.0,-72.0,1,0
317.898,0.0,0,0,00000,SIN INFORMACION,SIN INFORMACION,SIN INFORMACION,DESCONOCIDA,GUERRILLA,FARC,0,0,0,0,0,0,0,0,0,2,SIN INFORMACIÓN,SIN INFORMACIÓN,POINT (-72 4),,,,SIN INFORMACION,4.0,-72.0,1,0
317.899,0.0,0,0,00000,SIN INFORMACION,SIN INFORMACION,SIN INFORMACION,DESCONOCIDA,GUERRILLA,FARC,0,0,0,0,0,0,0,0,0,2,SIN INFORMACIÓN,SIN INFORMACIÓN,POINT (-72 4),,,,SIN INFORMACION,4.0,-72.0,1,0
317.901,0.0,0,0,00000,SIN INFORMACION,SIN INFORMACION,SIN INFORMACION,DESCONOCIDA,GUERRILLA,FARC,0,0,0,0,0,0,0,0,0,2,SIN INFORMACIÓN,SIN INFORMACIÓN,POINT (-72 4),,,,SIN INFORMACION,4.0,-72.0,1,0
317.902,0.0,0,0,00000,SIN INFORMACION,SIN INFORMACION,SIN INFORMACION,DESCONOCIDA,GUERRILLA,FARC,0,0,0,0,0,0,0,0,0,2,SIN INFORMACIÓN,SIN INFORMACIÓN,POINT (-72 4),,,,SIN INFORMACION,4.0,-72.0,1,0
317.904,0.0,0,0,00000,SIN INFORMACION,SIN INFORMACION,SIN INFORMACION,DESCONOCIDA,GUERRILLA,FARC,0,0,0,0,0,0,0,0,0,2,SIN INFORMACIÓN,SIN INFORMACIÓN,POINT (-72 4),,,,SIN INFORMACION,4.0,-72.0,1,0
317.906,0.0,0,0,00000,SIN INFORMACION,SIN INFORMACION,SIN INFORMACION,DESCONOCIDA,GUERRILLA,FARC,0,0,0,0,0,0,0,0,0,4,SIN INFORMACIÓN,SIN INFORMACIÓN,POINT (-72 4),,,,SIN INFORMACION,4.0,-72.0,1,0
317.91,0.0,0,0,00000,SIN INFORMACION,SIN INFORMACION,SIN INFORMACION,DESCONOCIDA,GUERRILLA,FARC,0,0,0,0,0,0,0,0,0,4,SIN INFORMACIÓN,SIN INFORMACIÓN,POINT (-72 4),,,,SIN INFORMACION,4.0,-72.0,1,0
317.914,0.0,0,0,00000,SIN INFORMACION,SIN INFORMACION,SIN INFORMACION,DESCONOCIDA,GUERRILLA,ELN,0,0,0,0,0,0,0,0,0,4,SIN INFORMACIÓN,SIN INFORMACIÓN,POINT (-72 4),,,,SIN INFORMACION,4.0,-72.0,1,0
317.918,0.0,0,0,00000,SIN INFORMACION,SIN INFORMACION,SIN INFORMACION,DESCONOCIDA,GRUPO PARAMILITAR,AUTODEFENSAS UNIDAS DE COLOMBIA AUC,0,0,0,0,0,0,0,0,0,5,SIN INFORMACIÓN,SIN INFORMACIÓN,POINT (-72 4),,,,SIN INFORMACION,4.0,-72.0,1,0
317.923,0.0,0,0,00000,SIN INFORMACION,SIN INFORMACION,SIN INFORMACION,DESCONOCIDA,GUERRILLA,FARC,0,0,0,0,0,0,0,0,0,5,SIN INFORMACIÓN,SIN INFORMACIÓN,POINT (-72 4),,,,SIN INFORMACION,4.0,-72.0,1,0
317.928,0.0,0,0,00000,SIN INFORMACION,SIN INFORMACION,SIN INFORMACION,DESCONOCIDA,GUERRILLA,FARC,0,0,0,0,0,0,0,0,0,2,SIN INFORMACIÓN,SIN INFORMACIÓN,POINT (-72 4),,,,SIN INFORMACION,4.0,-72.0,1,0
317.93,0.0,0,0,00000,SIN INFORMACION,SIN INFORMACION,SIN INFORMACION,DESCONOCIDA,GUERRILLA,FARC,0,0,0,0,0,0,0,0,0,2,SIN INFORMACIÓN,SIN INFORMACIÓN,POINT (-72 4),,,,SIN INFORMACION,4.0,-72.0,1,0
317.932,0.0,0,0,00000,SIN INFORMACION,SIN INFORMACION,SIN INFORMACION,DESCONOCIDA,GRUPO POSDESMOVILIZACIÓN,URABEÑOS/AUTODEFENSAS GAITANISTAS DE COLOMBIA/ÁGUILAS NEGRAS/CLAN ÚSUGA,0,0,0,0,0,0,0,0,0,2,SIN INFORMACIÓN,SIN INFORMACIÓN,POINT (-72 4),,,,SIN INFORMACION,4.0,-72.0,1,0
317.934,0.0,0,0,00000,SIN INFORMACION,SIN INFORMACION,SIN INFORMACION,DESCONOCIDA,GUERRILLA,FARC,0,0,0,0,0,0,0,0,0,2,SIN INFORMACIÓN,SIN INFORMACIÓN,POINT (-72 4),,,,SIN INFORMACION,4.0,-72.0,1,0
317.936,0.0,0,0,00000,SIN INFORMACION,SIN INFORMACION,SIN INFORMACION,DESCONOCIDA,GUERRILLA,ELN,0,0,0,0,0,0,0,0,0,2,SIN INFORMACIÓN,SIN INFORMACIÓN,POINT (-72 4),,,,SIN INFORMACION,4.0,-72.0,1,0
317.939,0.0,0,0,00000,SIN INFORMACION,SIN INFORMACION,SIN INFORMACION,DESCONOCIDA,GUERRILLA,FARC,0,0,0,0,0,0,0,0,0,2,SIN INFORMACIÓN,SIN INFORMACIÓN,POINT (-72 4),,,,SIN INFORMACION,4.0,-72.0,1,0
317.941,0.0,0,0,00000,SIN INFORMACION,SIN INFORMACION,SIN INFORMACION,DESCONOCIDA,GUERRILLA,FARC,0,0,0,0,0,0,0,0,0,2,SIN INFORMACIÓN,SIN INFORMACIÓN,POINT (-72 4),,,,SIN INFORMACION,4.0,-72.0,1,0
317.943,0.0,0,0,00000,SIN INFORMACION,SIN INFORMACION,SIN INFORMACION,DESCONOCIDA,GUERRILLA,FARC,0,0,0,0,0,0,0,0,0,2,SIN INFORMACIÓN,SIN INFORMACIÓN,POINT (-72 4),,,,SIN INFORMACION,4.0,-72.0,1,0
317.945,0.0,0,0,00000,SIN INFORMACION,SIN INFORMACION,SIN INFORMACION,DESCONOCIDA,GUERRILLA,FARC,0,0,0,0,0,0,0,0,0,2,SIN INFORMACIÓN,RECLUTAMIENTO,POINT (-72 4),,,,SIN INFORMACION,4.0,-72.0,1,0
317.947,0.0,0,0,00000,SIN INFORMACION,SIN INFORMACION,SIN INFORMACION,DESCONOCIDA,GUERRILLA,FARC,0,0,0,0,0,0,0,0,0,8,SIN INFORMACIÓN,SIN INFORMACIÓN,POINT (-72 4),,,,SIN INFORMACION,4.0,-72.0,1,0
317.955,0.0,0,0,00000,SIN INFORMACION,SIN INFORMACION,SIN INFORMACION,DESCONOCIDA,GUERRILLA,FARC,0,0,0,0,0,0,0,0,0,3,SIN INFORMACIÓN,RECLUTAMIENTO,POINT (-72 4),,,,SIN INFORMACION,4.0,-72.0,1,0
317.958,0.0,0,0,00000,SIN INFORMACION,SIN INFORMACION,SIN INFORMACION,DESCONOCIDA,GUERRILLA,FARC,0,0,0,0,0,0,0,0,0,2,SIN INFORMACIÓN,RECLUTAMIENTO,POINT (-72 4),,,,SIN INFORMACION,4.0,-72.0,1,0
317.96,0.0,0,0,00000,SIN INFORMACION,SIN INFORMACION,SIN INFORMACION,DESCONOCIDA,GUERRILLA,FARC,0,0,0,0,0,0,0,0,0,2,SIN INFORMACIÓN,SIN INFORMACIÓN,POINT (-72 4),,,,SIN INFORMACION,4.0,-72.0,1,0
317.964,0.0,0,0,00000,SIN INFORMACION,SIN INFORMACION,SIN INFORMACION,DESCONOCIDA,GUERRILLA,FARC,0,0,0,0,0,0,0,0,1,3,SIN INFORMACIÓN,RECLUTAMIENTO,POINT (-72 4),,,,SIN INFORMACION,4.0,-72.0,1,1
317.97,0.0,0,0,00000,SIN INFORMACION,SIN INFORMACION,SIN INFORMACION,DESCONOCIDA,GUERRILLA,FARC,0,0,0,0,0,0,0,0,0,4,SIN INFORMACIÓN,RECLUTAMIENTO,POINT (-72 4),,,,SIN INFORMACION,4.0,-72.0,1,0
317.974,0.0,0,0,00000,SIN INFORMACION,SIN INFORMACION,SIN INFORMACION,DESCONOCIDA,GUERRILLA,FARC,0,0,0,0,0,0,0,0,0,2,SIN INFORMACIÓN,SIN INFORMACIÓN,POINT (-72 4),,,,SIN INFORMACION,4.0,-72.0,1,0
317.979,0.0,0,0,00000,SIN INFORMACION,SIN INFORMACION,SIN INFORMACION,DESCONOCIDA,GUERRILLA,ELN,0,0,0,0,0,0,0,0,0,5,SIN INFORMACIÓN,SIN INFORMACIÓN,POINT (-72 4),,,,SIN INFORMACION,4.0,-72.0,1,0
317.984,0.0,0,0,00000,SIN INFORMACION,SIN INFORMACION,SIN INFORMACION,DESCONOCIDA,GUERRILLA,ELN,0,0,0,0,0,0,0,0,0,4,SIN INFORMACIÓN,RECLUTAMIENTO,POINT (-72 4),,,,SIN INFORMACION,4.0,-72.0,1,0
317.988,0.0,0,0,00000,SIN INFORMACION,SIN INFORMACION,SIN INFORMACION,DESCONOCIDA,GUERRILLA,FARC,0,0,0,0,0,0,0,0,0,8,SIN INFORMACIÓN,RECLUTAMIENTO,POINT (-72 4),,,,SIN INFORMACION,4.0,-72.0,1,0
318.019,1.995,0,0,00000,SIN INFORMACION,SIN INFORMACION,SIN INFORMACION,DESCONOCIDA,GUERRILLA,FARC,0,0,0,0,0,0,0,0,0,2,SIN INFORMACIÓN,SIN INFORMACIÓN,POINT (-72 4),1995,,,1990-1999,4.0,-72.0,1,0
318.19,0.0,0,0,00000,SIN INFORMACION,SIN INFORMACION,SIN INFORMACION,DESCONOCIDA,GUERRILLA,FARC,0,0,0,0,0,0,0,0,0,2,SIN INFORMACIÓN,RECLUTAMIENTO,POINT (-72 4),,,,SIN INFORMACION,4.0,-72.0,1,0
318.487,0.0,1,17,00000,SIN INFORMACION,SIN INFORMACION,SIN INFORMACION,DESCONOCIDA,GRUPO PARAMILITAR,AUTODEFENSAS UNIDAS DE COLOMBIA AUC,0,0,0,0,0,0,0,0,0,4,COLECTIVO,SIN INFORMACIÓN,POINT (-72 4),,1,17,SIN INFORMACION,4.0,-72.0,1,0
318.509,2.009,0,0,00000,SIN INFORMACION,SIN INFORMACION,SIN INFORMACION,DESCONOCIDA,GUERRILLA,FARC,0,0,0,0,0,0,0,0,0,4,SIN INFORMACIÓN,SIN INFORMACIÓN,POINT (-72 4),2009,,,2000-2009,4.0,-72.0,1,0
318.522,2.011,0,0,00000,SIN INFORMACION,SIN INFORMACION,SIN INFORMACION,DESCONOCIDA,GUERRILLA,ELN,0,0,0,0,0,0,0,0,0,2,SIN INFORMACIÓN,SIN INFORMACIÓN,POINT (-72 4),2011,,,2010-2019,4.0,-72.0,1,0
318.535,2.012,0,0,00000,SIN INFORMACION,SIN INFORMACION,SIN INFORMACION,DESCONOCIDA,GUERRILLA,FARC,0,0,0,0,0,0,0,0,0,2,SIN INFORMACIÓN,SIN INFORMACIÓN,POINT (-72 4),2012,,,2010-2019,4.0,-72.0,1,0
318.54,2.012,10,0,00000,SIN INFORMACION,SIN INFORMACION,SIN INFORMACION,DESCONOCIDA,GUERRILLA,FARC,0,0,0,0,0,0,0,0,0,4,COLECTIVO,RECLUTAMIENTO,POINT (-72 4),2012,10,,2010-2019,4.0,-72.0,1,0
318.546,2.013,0,0,00000,SIN INFORMACION,SIN INFORMACION,SIN INFORMACION,COACCIÓN,GUERRILLA,FARC,0,1,0,0,0,0,0,0,0,2,SIN INFORMACIÓN,RECLUTAMIENTO,POINT (-72 4),2013,,,2010-2019,4.0,-72.0,1,1
318.555,2.013,1,0,00000,SIN INFORMACION,SIN INFORMACION,SIN INFORMACION,COACCIÓN,GUERRILLA,FARC,0,0,0,0,0,0,0,0,0,4,SIN INFORMACIÓN,SIN INFORMACIÓN,POINT (-72 4),2013,1,,2010-2019,4.0,-72.0,1,0
318.559,2.013,10,4,00000,SIN INFORMACION,SIN INFORMACION,SIN INFORMACION,DESCONOCIDA,GUERRILLA,FARC,0,0,0,0,0,0,0,0,0,2,SIN INFORMACIÓN,SIN INFORMACIÓN,POINT (-72 4),2013,10,4,2010-2019,4.0,-72.0,1,0
318.561,2.013,0,0,00000,SIN INFORMACION,SIN INFORMACION,SIN INFORMACION,DESCONOCIDA,GUERRILLA,FARC,0,0,0,0,0,0,0,0,0,2,SIN INFORMACIÓN,SIN INFORMACIÓN,POINT (-72 4),2013,,,2010-2019,4.0,-72.0,1,0
318.567,2.012,0,0,00000,SIN INFORMACION,SIN INFORMACION,SIN INFORMACION,DESCONOCIDA,GUERRILLA,FARC,0,0,0,0,0,0,0,0,0,2,SIN INFORMACIÓN,SIN INFORMACIÓN,POINT (-72 4),2012,,,2010-2019,4.0,-72.0,1,0
318.57,2.015,0,0,00000,SIN INFORMACION,SIN INFORMACION,SIN INFORMACION,COACCIÓN,GUERRILLA,FARC,0,1,0,0,0,0,0,0,0,2,MÚLTIPLE,RECLUTAMIENTO,POINT (-72 4),2015,,,2010-2019,4.0,-72.0,1,1
318.572,2.015,5,31,00000,SIN INFORMACION,SIN INFORMACION,SIN INFORMACION,DESCONOCIDA,GUERRILLA,ELN,0,0,0,0,0,0,0,0,0,3,SIN INFORMACIÓN,RECLUTAMIENTO,POINT (-72 4),2015,5,31,2010-2019,4.0,-72.0,1,0
318.575,0.0,0,0,00000,SIN INFORMACION,SIN INFORMACION,SIN INFORMACION,DESCONOCIDA,GUERRILLA,ELN,0,0,0,0,0,0,0,0,0,3,SIN INFORMACIÓN,RECLUTAMIENTO,POINT (-72 4),,,,SIN INFORMACION,4.0,-72.0,1,0
318.602,0.0,0,0,00000,SIN INFORMACION,SIN INFORMACION,SIN INFORMACION,DESCONOCIDA,GUERRILLA,FARC,0,0,0,0,0,0,0,0,0,3,SIN INFORMACIÓN,SIN INFORMACIÓN,POINT (-72 4),,,,SIN INFORMACION,4.0,-72.0,1,0
318.69,0.0,0,0,00000,SIN INFORMACION,SIN INFORMACION,SIN INFORMACION,DESCONOCIDA,GUERRILLA,ELN,0,0,0,0,0,0,0,0,0,2,SIN INFORMACIÓN,RECLUTAMIENTO,POINT (-72 4),,,,SIN INFORMACION,4.0,-72.0,1,0
395.442,1.999,1,5,00000,SIN INFORMACION,SIN INFORMACION,SIN INFORMACION,COACCIÓN,GUERRILLA,NO IDENTIFICADA,0,0,0,0,0,0,0,0,0,2,MÚLTIPLE,RECLUTAMIENTO,POINT (-72 4),1999,1,5,1990-1999,4.0,-72.0,1,0
395.465,2.0,5,1,54810,TIBU,NORTE DE SANTANDER,CATATUMBO,DESCONOCIDA,GUERRILLA,NO IDENTIFICADA,0,0,0,0,0,0,0,0,0,2,INDIVIDUAL,RECLUTAMIENTO,POINT (-72.79925855 8.713507237),2000,5,1,2000-2009,8.713507237,-72.79925855,1,0
395.659,1.997,10,15,50325,MAPIRIPAN,META,ALTILLANURA,DESCONOCIDA,GUERRILLA,NO IDENTIFICADA,0,0,0,0,0,0,0,0,0,2,INDIVIDUAL,SIN INFORMACIÓN,POINT (-71.93805692 3.117523361),1997,10,15,1990-1999,3.117523361,-71.93805692,1,0
395.751,0.0,0,0,05197,COCORNA,ANTIOQUIA,ORIENTE ANTIOQUEÑO,COACCIÓN,GUERRILLA,NO IDENTIFICADA,0,1,0,0,1,0,0,0,0,2,MÚLTIPLE,RECLUTAMIENTO,POINT (-75.16015403 6.005593074),,,,SIN INFORMACION,6.005593074,-75.16015403,1,2
395.802,1.998,12,31,50325,MAPIRIPAN,META,ALTILLANURA,COACCIÓN,GUERRILLA,FARC,0,1,0,0,0,0,0,0,0,2,INDIVIDUAL,RECLUTAMIENTO,POINT (-71.75205089 2.896092649),1998,12,31,1990-1999,2.896092649,-71.75205089,1,1
395.804,2.003,11,1,25823,TOPAIPI,CUNDINAMARCA,ALTIPLANO CUNDIBOYACENSE,COACCIÓN,GUERRILLA,NO IDENTIFICADA,0,0,0,0,0,0,0,0,0,2,INDIVIDUAL,"UTILIZACIÓN EN ACTIVIDADES DOMÉSTICAS, DE TRANSPORTE O MENSAJERÍA",POINT (-74.28963994 5.355688386),2003,11,1,2000-2009,5.355688386,-74.28963994,1,0
395.812,2.0,4,19,68081,BARRANCABERMEJA,SANTANDER,MAGDALENA MEDIO,COACCIÓN,GUERRILLA,ELN,0,1,0,0,1,0,0,0,0,3,MÚLTIPLE,RECLUTAMIENTO,POINT (-73.849313 7.064855),2000,4,19,2000-2009,7.064855,-73.849313,1,2
408.565,2.0,9,25,66594,QUINCHIA,RISARALDA,EJE CAFETERO,COACCIÓN,GUERRILLA,DISIDENCIA EPL,0,1,0,0,1,0,0,0,0,2,MÚLTIPLE,RECLUTAMIENTO,POINT (-75.730431 5.340456),2000,9,25,2000-2009,5.340456,-75.730431,1,2
429.112,2.004,1,0,05034,ANDES,ANTIOQUIA,SUROESTE ANTIOQUEÑO,DESCONOCIDA,GUERRILLA,ERG,0,0,0,0,0,0,0,0,0,2,COLECTIVO,RECLUTAMIENTO,POINT (-75.94128391 5.604993248),2004,1,,2000-2009,5.604993248,-75.94128391,1,0
439.651,0.0,0,0,00000,SIN INFORMACION,SIN INFORMACION,SIN INFORMACION,DESCONOCIDA,GUERRILLA,FARC,0,0,0,0,0,0,0,0,0,10,SIN INFORMACIÓN,SIN INFORMACIÓN,POINT (-72 4),,,,SIN INFORMACION,4.0,-72.0,1,0
439.66,1.998,6,1,50590,PUERTO RICO,META,ARIARI GUAYABERO,COACCIÓN,GUERRILLA,FARC,0,0,0,0,0,0,0,0,0,2,MÚLTIPLE,RECLUTAMIENTO,POINT (-73.42351717 2.925174916),1998,6,1,1990-1999,2.925174916,-73.42351717,1,0
439.663,2.0,6,1,50711,VISTAHERMOSA,META,ARIARI GUAYABERO,COACCIÓN,GRUPO ARMADO NO IDENTIFICADO,NO APLICA,0,0,0,0,0,0,0,0,0,2,MÚLTIPLE,RECLUTAMIENTO,POINT (-73.66652234 2.811616698),2000,6,1,2000-2009,2.811616698,-73.66652234,1,0
439.667,2.006,8,18,68720,SANTA HELENA DEL OPON,SANTANDER,MAGDALENA MEDIO,COACCIÓN,GRUPO ARMADO NO IDENTIFICADO,NO APLICA,0,0,0,0,1,0,0,0,0,3,MÚLTIPLE,RECLUTAMIENTO,POINT (-73.58206609 6.40890734),2006,8,18,2000-2009,6.40890734,-73.58206609,1,1
439.688,1.997,1,1,05042,SANTA FE DE ANTIOQUIA,ANTIOQUIA,OCCIDENTE ANTIOQUEÑO,COACCIÓN,GUERRILLA,FARC,0,0,0,0,0,0,0,0,0,2,MÚLTIPLE,RECLUTAMIENTO,POINT (-75.90426658 6.535711576),1997,1,1,1990-1999,6.535711576,-75.90426658,1,0
439.717,2.003,6,1,25823,TOPAIPI,CUNDINAMARCA,ALTIPLANO CUNDIBOYACENSE,DESCONOCIDA,GRUPO ARMADO NO IDENTIFICADO,NO APLICA,0,0,0,0,0,0,0,0,0,2,MÚLTIPLE,RECLUTAMIENTO,POINT (-74.28963994 5.355688386),2003,6,1,2000-2009,5.355688386,-74.28963994,1,0
439.748,0.0,0,0,00000,SIN INFORMACION,SIN INFORMACION,SIN INFORMACION,DESCONOCIDA,GUERRILLA,FARC,0,0,0,0,0,0,0,0,0,4,SIN INFORMACIÓN,RECLUTAMIENTO,POINT (-72 4),,,,SIN INFORMACION,4.0,-72.0,1,0
439.751,0.0,0,0,00000,SIN INFORMACION,SIN INFORMACION,SIN INFORMACION,DESCONOCIDA,GUERRILLA,ELN,0,0,0,0,0,0,0,0,0,2,SIN INFORMACIÓN,RECLUTAMIENTO,POINT (-72 4),,,,SIN INFORMACION,4.0,-72.0,1,0
439.752,0.0,0,0,00000,SIN INFORMACION,SIN INFORMACION,SIN INFORMACION,DESCONOCIDA,GUERRILLA,FARC,0,0,0,0,0,0,0,0,0,3,SIN INFORMACIÓN,RECLUTAMIENTO,POINT (-72 4),,,,SIN INFORMACION,4.0,-72.0,1,0
439.759,2.001,8,9,23807,TIERRALTA,CORDOBA,URABA,PERSUASIÓN,GRUPO PARAMILITAR,NO IDENTIFICADO,0,0,0,0,0,0,0,0,0,2,MÚLTIPLE,RECLUTAMIENTO,POINT (-76.16846678 7.813896829),2001,8,9,2000-2009,7.813896829,-76.16846678,1,0
439.76,1.998,10,8,50590,PUERTO RICO,META,ARIARI GUAYABERO,COACCIÓN,GUERRILLA,FARC,0,1,0,0,1,0,0,0,0,2,MÚLTIPLE,RECLUTAMIENTO,POINT (-73.13780171 2.758083657),1998,10,8,1990-1999,2.758083657,-73.13780171,1,2
439.761,0.0,0,0,50711,VISTAHERMOSA,META,ARIARI GUAYABERO,COACCIÓN,GUERRILLA,FARC,0,0,0,0,0,0,0,0,0,9,COLECTIVO,RECLUTAMIENTO,POINT (-73.66652234 2.811616698),,,,SIN INFORMACION,2.811616698,-73.66652234,1,0
439.762,2.003,3,0,50711,VISTAHERMOSA,META,ARIARI GUAYABERO,COACCIÓN,GUERRILLA,FARC,0,0,0,0,0,0,0,0,0,5,COLECTIVO,RECLUTAMIENTO,POINT (-73.66652234 2.811616698),2003,3,,2000-2009,2.811616698,-73.66652234,1,0
439.766,2.003,1,20,11001,"BOGOTA, D.C.","BOGOTA, D. C.",AREA METROPOLITANA DE BOGOTA,COACCIÓN,AGENTE DEL ESTADO,EJÉRCITO NACIONAL,0,1,0,0,0,0,0,0,0,2,MÚLTIPLE,UTILIZACIÓN EN ACTIVIDADES MILITARES O INTELIGENCIA,POINT (-74.1810727 4.316107698),2003,1,20,2000-2009,4.316107698,-74.1810727,1,1
439.92,0.0,0,0,85001,YOPAL,CASANARE,PIEDEMONTE LLANERO,DESCONOCIDA,GRUPO PARAMILITAR,AUTODEFENSAS UNIDAS DE COLOMBIA AUC,0,0,0,0,0,0,0,0,0,3,MÚLTIPLE,SIN INFORMACIÓN,POINT (-72.394588 5.332863),,,,SIN INFORMACION,5.332863,-72.394588,1,0
439.935,2.006,12,10,73168,CHAPARRAL,TOLIMA,SUR DEL TOLIMA,COACCIÓN,GUERRILLA,FARC,0,0,0,0,0,0,0,0,0,2,MÚLTIPLE,RECLUTAMIENTO,POINT (-75.58986634 3.743693084),2006,12,10,2000-2009,3.743693084,-75.58986634,1,0
439.942,1.995,0,0,50680,SAN CARLOS DE GUAROA,META,PIEDEMONTE LLANERO,COACCIÓN,GRUPO ARMADO NO IDENTIFICADO,NO APLICA,0,0,0,0,0,0,0,0,0,5,COLECTIVO,RECLUTAMIENTO,POINT (-73.27583401 3.84761678),1995,,,1990-1999,3.84761678,-73.27583401,1,0
439.944,1.998,11,1,73352,ICONONZO,TOLIMA,SUMAPAZ,COACCIÓN,GUERRILLA,NO IDENTIFICADA,0,1,0,0,1,0,0,0,0,3,MÚLTIPLE,RECLUTAMIENTO,POINT (-74.53964257 4.133276369),1998,11,1,1990-1999,4.133276369,-74.53964257,1,2
439.952,1.999,1,1,05055,ARGELIA,ANTIOQUIA,ORIENTE ANTIOQUEÑO,COACCIÓN,GUERRILLA,FARC,0,0,0,0,0,0,0,0,0,2,MÚLTIPLE,SIN INFORMACIÓN,POINT (-75.09469795 5.708114524),1999,1,1,1990-1999,5.708114524,-75.09469795,1,0
439.979,1.994,4,1,66572,PUEBLO RICO,RISARALDA,EJE CAFETERO,COACCIÓN,GUERRILLA,NO IDENTIFICADA,0,1,0,0,0,0,0,0,0,3,MÚLTIPLE,RECLUTAMIENTO,POINT (-76.07359421 5.286295408),1994,4,1,1990-1999,5.286295408,-76.07359421,1,1
439.998,2.001,1,1,52835,SAN ANDRES DE TUMACO,NARIÑO,ANDEN PACIFICO SUR,DESCONOCIDA,GUERRILLA,NO IDENTIFICADA,0,0,0,0,0,0,0,0,0,2,MÚLTIPLE,SIN INFORMACIÓN,POINT (-78.61540963 1.574550638),2001,1,1,2000-2009,1.574550638,-78.61540963,1,0
440.0,2.001,3,7,54810,TIBU,NORTE DE SANTANDER,CATATUMBO,COACCIÓN,GRUPO PARAMILITAR,AUTODEFENSAS UNIDAS DE COLOMBIA AUC,0,0,0,0,0,0,0,0,0,2,MÚLTIPLE,UTILIZACIÓN,POINT (-72.79925855 8.713507237),2001,3,7,2000-2009,8.713507237,-72.79925855,1,0
440.009,2.002,3,5,25297,GACHETA,CUNDINAMARCA,ALTIPLANO CUNDIBOYACENSE,DESCONOCIDA,GUERRILLA,FARC,0,0,0,0,0,0,0,0,0,2,SIN INFORMACIÓN,SIN INFORMACIÓN,POINT (-73.61773287 4.867551134),2002,3,5,2000-2009,4.867551134,-73.61773287,1,0
440.01,2.002,3,17,50590,PUERTO RICO,META,ARIARI GUAYABERO,COACCIÓN,GUERRILLA,NO IDENTIFICADA,0,0,0,0,0,0,0,0,0,2,MÚLTIPLE,RECLUTAMIENTO,POINT (-73.13780171 2.758083657),2002,3,17,2000-2009,2.758083657,-73.13780171,1,0
440.027,2.005,9,16,50568,PUERTO GAITAN,META,ALTILLANURA,DESCONOCIDA,GRUPO PARAMILITAR,AUTODEFENSAS UNIDAS DE COLOMBIA AUC,0,0,0,0,0,0,0,0,0,5,COLECTIVO,SIN INFORMACIÓN,POINT (-71.63157428 4.005034467),2005,9,16,2000-2009,4.005034467,-71.63157428,1,0
440.034,2.007,8,7,18592,PUERTO RICO,CAQUETA,CAGUAN,DESCONOCIDA,GUERRILLA,NO IDENTIFICADA,0,0,0,0,0,0,0,0,0,3,MÚLTIPLE,SIN INFORMACIÓN,POINT (-75.07308627 2.018940891),2007,8,7,2000-2009,2.018940891,-75.07308627,1,0
440.049,2.01,9,1,73675,SAN ANTONIO,TOLIMA,SUR DEL TOLIMA,DESCONOCIDA,GUERRILLA,NO IDENTIFICADA,0,0,0,0,0,0,0,0,0,3,COLECTIVO,SIN INFORMACIÓN,POINT (-75.50991004 3.926088268),2010,9,1,2010-2019,3.926088268,-75.50991004,1,0
440.052,2.011,1,1,86573,PUERTO LEGUIZAMO,PUTUMAYO,BAJO PUTUMAYO,DESCONOCIDA,GUERRILLA,NO IDENTIFICADA,0,0,0,0,0,0,0,0,0,4,COLECTIVO,SIN INFORMACIÓN,POINT (-75.06479327 0.05947197),2011,1,1,2010-2019,0.05947197,-75.06479327,1,0
440.123,2.014,4,17,19821,TORIBIO,CAUCA,NORTE DEL CAUCA,OTRA ¿CUÁL?,GUERRILLA,FARC,0,0,0,0,0,0,0,0,0,3,MÚLTIPLE,RECLUTAMIENTO,POINT (-76.24039374 3.022031949),2014,4,17,2010-2019,3.022031949,-76.24039374,1,0
440.128,1.992,0,0,85230,OROCUE,CASANARE,LLANOS ORIENTALES,PERSUASIÓN,GUERRILLA,FARC,0,1,0,0,0,0,0,0,0,2,MÚLTIPLE,RECLUTAMIENTO,POINT (-71.59873966 4.915139133),1992,,,1990-1999,4.915139133,-71.59873966,1,1
459.613,2.001,6,5,54498,OCAÑA,NORTE DE SANTANDER,CATATUMBO,COACCIÓN,GRUPO PARAMILITAR,AUTODEFENSAS UNIDAS DE COLOMBIA AUC,0,1,0,0,0,0,0,0,0,2,MÚLTIPLE,"UTILIZACIÓN EN ACTIVIDADES DOMÉSTICAS, DE TRANSPORTE O MENSAJERÍA",POINT (-73.355889 8.247588),2001,6,5,2000-2009,8.247588,-73.355889,1,1
490.038,2.004,8,14,05079,BARBOSA,ANTIOQUIA,VALLE DE ABURRA,PERSUASIÓN,GRUPO PARAMILITAR,AUTODEFENSAS UNIDAS DE COLOMBIA AUC,0,1,0,0,1,0,0,0,0,3,INDIVIDUAL,RECLUTAMIENTO,POINT (-75.32924085 6.443417935),2004,8,14,2000-2009,6.443417935,-75.32924085,1,2
521.832,2.0,0,0,47288,FUNDACION,MAGDALENA,SIERRA NEVADA DE SANTA MARTA,COACCIÓN,GUERRILLA,FARC,0,0,0,0,0,0,0,0,0,2,MÚLTIPLE,RECLUTAMIENTO,POINT (-73.88406518 10.45937818),2000,,,2000-2009,10.45937818,-73.88406518,1,0
521.833,2.003,0,0,47288,FUNDACION,MAGDALENA,SIERRA NEVADA DE SANTA MARTA,COACCIÓN,GUERRILLA,FARC,0,1,0,0,0,0,0,0,0,2,MÚLTIPLE,RECLUTAMIENTO,POINT (-73.88406518 10.45937818),2003,,,2000-2009,10.45937818,-73.88406518,1,1
521.865,1.992,0,0,05854,VALDIVIA,ANTIOQUIA,NORTE DE ANTIOQUIA,COACCIÓN,GUERRILLA,FARC,0,0,0,0,0,0,0,0,0,2,MÚLTIPLE,RECLUTAMIENTO,POINT (-75.38742079 7.294917897),1992,,,1990-1999,7.294917897,-75.38742079,1,0
521.948,2.003,3,30,50251,EL CASTILLO,META,ARIARI GUAYABERO,PERSUASIÓN,GUERRILLA,FARC,0,0,0,0,0,0,0,0,0,2,MÚLTIPLE,"UTILIZACIÓN EN ACTIVIDADES DOMÉSTICAS, DE TRANSPORTE O MENSAJERÍA",POINT (-73.80367383 3.628679053),2003,3,30,2000-2009,3.628679053,-73.80367383,1,0
522.094,1.996,4,4,20045,BECERRIL,CESAR,SERRANIA DEL PERIJA,DESCONOCIDA,GRUPO ARMADO NO IDENTIFICADO,PRESENCIA GAO SIN ATRIBUCIÓN,0,0,0,0,1,0,0,0,0,2,OFRECIMIENTO LABORAL,UTILIZACIÓN,POINT (-73.21353005 9.624161528),1996,4,4,1990-1999,9.624161528,-73.21353005,1,1
522.17,2.004,2,15,11001,"BOGOTA, D.C.","BOGOTA, D. C.",AREA METROPOLITANA DE BOGOTA,PERSUASIÓN,GUERRILLA,NO IDENTIFICADA,0,0,0,0,0,0,0,0,0,2,CITACIÓN,SIN INFORMACIÓN,POINT (-74.107359 4.650173),2004,2,15,2000-2009,4.650173,-74.107359,1,0
533.946,2.018,5,19,27615,RIOSUCIO,CHOCO,URABA,DESCONOCIDA,GUERRILLA,ELN,0,1,0,0,1,0,0,0,0,2,MÚLTIPLE,SIN INFORMACIÓN,POINT (-77.11310959 7.436631552),2018,5,19,2010-2019,7.436631552,-77.11310959,1,2
534.418,2.019,0,0,18753,SAN VICENTE DEL CAGUAN,CAQUETA,CAGUAN,COACCIÓN,GUERRILLA,DISIDENCIA FARC,0,0,0,0,0,0,0,0,0,10,COLECTIVO,RECLUTAMIENTO,POINT (-74.19746971 1.308465061),2019,,,2010-2019,1.308465061,-74.19746971,1,0
554.831,2.017,3,3,27250,EL LITORAL DEL SAN JUAN,CHOCO,VALLE DE SAN JUAN,DESCONOCIDA,GUERRILLA,ELN,0,0,0,0,1,0,0,0,0,3,MÚLTIPLE,SIN INFORMACIÓN,POINT (-76.98785828 4.272940191),2017,3,3,2010-2019,4.272940191,-76.98785828,1,1
555.055,1.987,1,1,05034,ANDES,ANTIOQUIA,SUROESTE ANTIOQUEÑO,DESCONOCIDA,GUERRILLA,EPL,0,1,0,0,0,0,0,1,0,11,COLECTIVO,RECLUTAMIENTO,POINT (-75.89990388 5.56385122),1987,1,1,1980-1989,5.56385122,-75.89990388,1,2
555.752,0.0,0,0,52079,BARBACOAS,NARIÑO,ANDEN PACIFICO SUR,DESCONOCIDA,GRUPO POSDESMOVILIZACIÓN,URABEÑOS/AUTODEFENSAS GAITANISTAS DE COLOMBIA/ÁGUILAS NEGRAS/CLAN ÚSUGA,0,0,0,0,0,0,0,0,0,6,SIN INFORMACIÓN,UTILIZACIÓN EN ACTIVIDADES MILITARES O INTELIGENCIA,POINT (-78.15621072 1.44563774),,,,SIN INFORMACION,1.44563774,-78.15621072,1,0
576.13,2.017,1,16,27025,ALTO BAUDO,CHOCO,LITORAL PACIFICO,DESCONOCIDA,GUERRILLA,ELN,0,0,0,0,0,0,0,0,0,2,MÚLTIPLE,RECLUTAMIENTO,POINT (-77.0842154 5.636740989),2017,1,16,2010-2019,5.636740989,-77.0842154,1,0
576.322,2.016,0,0,27025,ALTO BAUDO,CHOCO,LITORAL PACIFICO,DESCONOCIDA,GUERRILLA,ELN,0,0,0,0,0,0,0,0,0,8,SIN INFORMACIÓN,RECLUTAMIENTO,POINT (-77.0842154 5.636740989),2016,,,2010-2019,5.636740989,-77.0842154,1,0
576.344,2.017,0,0,50313,GRANADA,META,ARIARI GUAYABERO,DESCONOCIDA,GRUPO POSDESMOVILIZACIÓN,URABEÑOS/AUTODEFENSAS GAITANISTAS DE COLOMBIA/ÁGUILAS NEGRAS/CLAN ÚSUGA,0,0,0,0,0,0,0,0,0,2,MÚLTIPLE,SIN INFORMACIÓN,POINT (-73.7611547 3.441051399),2017,,,2010-2019,3.441051399,-73.7611547,1,0
576.345,0.0,0,0,00000,SIN INFORMACION,SIN INFORMACION,SIN INFORMACION,DESCONOCIDA,GRUPO POSDESMOVILIZACIÓN,URABEÑOS/AUTODEFENSAS GAITANISTAS DE COLOMBIA/ÁGUILAS NEGRAS/CLAN ÚSUGA,0,0,0,0,0,0,0,0,0,3,MÚLTIPLE,SIN INFORMACIÓN,POINT (-72 4),,,,SIN INFORMACION,4.0,-72.0,1,0
576.517,0.0,0,0,00000,SIN INFORMACION,SIN INFORMACION,SIN INFORMACION,DESCONOCIDA,GUERRILLA,FARC,0,0,0,0,0,0,0,0,0,5,SIN INFORMACIÓN,SIN INFORMACIÓN,POINT (-72 4),,,,SIN INFORMACION,4.0,-72.0,1,0
576.539,0.0,0,0,00000,SIN INFORMACION,SIN INFORMACION,SIN INFORMACION,DESCONOCIDA,GUERRILLA,FARC,0,0,0,0,0,0,0,0,0,16,SIN INFORMACIÓN,SIN INFORMACIÓN,POINT (-72 4),,,,SIN INFORMACION,4.0,-72.0,1,0
576.595,0.0,0,0,27077,BAJO BAUDO,CHOCO,LITORAL PACIFICO,DESCONOCIDA,GUERRILLA,ELN,0,0,0,0,0,0,0,0,0,2,SIN INFORMACIÓN,SIN INFORMACIÓN,POINT (-77.08271352 4.492865435),,,,SIN INFORMACION,4.492865435,-77.08271352,1,0
576.649,0.0,0,0,00000,SIN INFORMACION,SIN INFORMACION,SIN INFORMACION,DESCONOCIDA,GUERRILLA,FARC,0,0,0,0,0,0,0,0,0,8,SIN INFORMACIÓN,SIN INFORMACIÓN,POINT (-72 4),,,,SIN INFORMACION,4.0,-72.0,1,0
576.717,0.0,0,0,00000,SIN INFORMACION,SIN INFORMACION,SIN INFORMACION,DESCONOCIDA,GUERRILLA,FARC,0,0,0,0,0,0,0,0,0,2,SIN INFORMACIÓN,SIN INFORMACIÓN,POINT (-72 4),,,,SIN INFORMACION,4.0,-72.0,1,0
638.572,2.02,7,11,95025,EL RETORNO,GUAVIARE,ARIARI GUAYABERO,DESCONOCIDA,GUERRILLA,DISIDENCIA FARC,0,1,0,0,0,0,0,0,0,5,COLECTIVO,SIN INFORMACIÓN,POINT (-72.83319456 2.19351233),2020,7,11,2020-2029,2.19351233,-72.83319456,1,1
638.576,2.02,7,18,19355,INZA,CAUCA,NORTE DEL CAUCA,DESCONOCIDA,GUERRILLA,DISIDENCIA FARC,0,0,0,0,0,0,0,0,0,2,MÚLTIPLE,RECLUTAMIENTO,POINT (-76.13762531 2.499058783),2020,7,18,2020-2029,2.499058783,-76.13762531,1,0
638.613,2.02,8,0,19532,PATIA,CAUCA,PATIA,DESCONOCIDA,GRUPO ARMADO NO IDENTIFICADO,PRESENCIA GAO SIN ATRIBUCIÓN,0,0,0,0,0,0,0,0,0,2,MÚLTIPLE,RECLUTAMIENTO,POINT (-77.06024701 2.152046418),2020,8,,2020-2029,2.152046418,-77.06024701,1,0
648.781,0.0,0,0,00000,SIN INFORMACION,SIN INFORMACION,SIN INFORMACION,DESCONOCIDA,GUERRILLA,DISIDENCIA FARC,0,0,0,0,0,0,0,0,0,2,MÚLTIPLE,RECLUTAMIENTO,POINT (-72 4),,,,SIN INFORMACION,4.0,-72.0,1,0
649.248,2.021,1,10,05045,APARTADO,ANTIOQUIA,URABA,DESCONOCIDA,GRUPO POSDESMOVILIZACIÓN,NO IDENTIFICADO,0,0,0,0,0,0,0,0,0,4,COLECTIVO,RECLUTAMIENTO,POINT (-76.56244473 7.883803068),2021,1,10,2020-2029,7.883803068,-76.56244473,1,0
649.261,2.021,1,22,05045,APARTADO,ANTIOQUIA,URABA,DESCONOCIDA,GRUPO POSDESMOVILIZACIÓN,NO IDENTIFICADO,0,0,0,0,0,0,0,0,0,5,COLECTIVO,RECLUTAMIENTO,POINT (-76.625135 7.883257),2021,1,22,2020-2029,7.883257,-76.625135,1,0
649.304,2.021,2,27,05854,VALDIVIA,ANTIOQUIA,NORTE DE ANTIOQUIA,COACCIÓN,GRUPO POSDESMOVILIZACIÓN,OTRO,0,0,0,0,0,0,0,0,0,2,MÚLTIPLE,UTILIZACIÓN,POINT (-75.38742079 7.294917897),2021,2,27,2020-2029,7.294917897,-75.38742079,1,0
721.97,2.022,4,15,19142,CALOTO,CAUCA,NORTE DEL CAUCA,COACCIÓN,GRUPO ARMADO NO IDENTIFICADO,PRESENCIA GAO SIN ATRIBUCIÓN,0,0,0,0,0,0,0,0,0,3,MÚLTIPLE,RECLUTAMIENTO,POINT (-76.376 2.989593),2022,4,15,2020-2029,2.989593,-76.376,1,0
722.033,2.021,3,8,19142,CALOTO,CAUCA,NORTE DEL CAUCA,COACCIÓN,GUERRILLA,DISIDENCIA FARC,0,0,0,0,0,0,0,0,0,2,MÚLTIPLE,RECLUTAMIENTO,POINT (-76.35354503 3.0650044),2021,3,8,2020-2029,3.0650044,-76.35354503,1,0
732.524,0.0,0,0,00000,SIN INFORMACION,SIN INFORMACION,SIN INFORMACION,DESCONOCIDA,GUERRILLA,DISIDENCIA FARC,0,0,0,0,0,0,0,0,0,2,SIN INFORMACIÓN,RECLUTAMIENTO,POINT (-72 4),,,,SIN INFORMACION,4.0,-72.0,1,0
732.717,2.022,7,20,19137,CALDONO,CAUCA,NORTE DEL CAUCA,DESCONOCIDA,GUERRILLA,DISIDENCIA FARC,0,0,0,0,0,0,0,0,0,2,MÚLTIPLE,RECLUTAMIENTO,POINT (-76.42719377 2.803845691),2022,7,20,2020-2029,2.803845691,-76.42719377,1,0
742.891,2.022,7,1,19473,MORALES,CAUCA,NORTE DEL CAUCA,COACCIÓN,GRUPO ARMADO NO IDENTIFICADO,NO APLICA,0,0,0,0,0,0,0,0,0,3,COLECTIVO,SIN INFORMACIÓN,POINT (-76.74605152 2.773663981),2022,7,1,2020-2029,2.773663981,-76.74605152,1,0
742.965,2.022,0,0,52490,OLAYA HERRERA,NARIÑO,ANDEN PACIFICO SUR,DESCONOCIDA,GUERRILLA,DISIDENCIA FARC,0,0,0,0,0,0,0,0,0,3,SIN INFORMACIÓN,RECLUTAMIENTO,POINT (-78.31219024 2.287856547),2022,,,2020-2029,2.287856547,-78.31219024,1,0
743.166,2.023,4,20,05887,YARUMAL,ANTIOQUIA,NORTE DE ANTIOQUIA,PERSUASIÓN,GUERRILLA,ELN,0,0,0,0,0,0,0,0,0,4,COLECTIVO,RECLUTAMIENTO,POINT (-75.45439957 6.9881309),2023,4,20,2020-2029,6.9881309,-75.45439957,1,0
743.172,2.023,4,21,19355,INZA,CAUCA,NORTE DEL CAUCA,DESCONOCIDA,GUERRILLA,DISIDENCIA FARC,0,0,0,0,0,0,0,0,0,5,COLECTIVO,SIN INFORMACIÓN,POINT (-76.13762531 2.499058783),2023,4,21,2020-2029,2.499058783,-76.13762531,1,0
743.232,2.022,10,0,05250,EL BAGRE,ANTIOQUIA,BAJO CAUCA ANTIOQUEÑO,COACCIÓN,GRUPO ARMADO NO IDENTIFICADO,PRESENCIA GAO SIN ATRIBUCIÓN,0,0,0,0,0,0,0,0,0,12,COLECTIVO,RECLUTAMIENTO,POINT (-74.66427726 7.704633351),2022,10,,2020-2029,7.704633351,-74.66427726,1,0
743.924,2.004,4,0,05756,SONSON,ANTIOQUIA,ORIENTE ANTIOQUEÑO,COACCIÓN,GRUPO PARAMILITAR,AUTODEFENSAS CAMPESINAS DEL MAGDALENA MEDIO,0,1,0,0,0,0,0,0,0,5,COLECTIVO,RECLUTAMIENTO,POINT (-74.82807326 5.837681474),2004,4,,2000-2009,5.837681474,-74.82807326,1,1
754.59,2.023,7,15,19473,MORALES,CAUCA,NORTE DEL CAUCA,COACCIÓN,GUERRILLA,DISIDENCIA FARC,0,0,0,0,0,0,0,0,0,2,MÚLTIPLE,RECLUTAMIENTO,POINT (-76.74605152 2.773663981),2023,7,15,2020-2029,2.773663981,-76.74605152,1,0
754.678,2.023,7,20,50370,URIBE,META,ARIARI GUAYABERO,COACCIÓN,GUERRILLA,DISIDENCIA FARC,0,0,0,0,0,0,0,0,0,2,MÚLTIPLE,RECLUTAMIENTO,POINT (-74.43066134 3.047726858),2023,7,20,2020-2029,3.047726858,-74.43066134,1,0
754.709,0.0,0,0,52835,SAN ANDRES DE TUMACO,NARIÑO,ANDEN PACIFICO SUR,DESCONOCIDA,GUERRILLA,DISIDENCIA FARC,0,0,0,0,0,0,0,0,0,4,SIN INFORMACIÓN,RECLUTAMIENTO,POINT (-78.61540963 1.574550638),,,,SIN INFORMACION,1.574550638,-78.61540963,1,0
764.688,2.022,0,0,76109,BUENAVENTURA,VALLE DEL CAUCA,ANDEN PACIFICO SUR,COACCIÓN,GUERRILLA,DISIDENCIA FARC,0,0,0,0,0,0,0,0,0,2,MÚLTIPLE,RECLUTAMIENTO,POINT (-77.11872831 3.493340766),2022,,,2020-2029,3.493340766,-77.11872831,1,0
764.689,2.023,4,19,19355,INZA,CAUCA,NORTE DEL CAUCA,ENGAÑO,GUERRILLA,DISIDENCIA FARC,0,0,0,0,0,0,0,0,0,4,COLECTIVO,RECLUTAMIENTO,POINT (-76.13762531 2.499058783),2023,4,19,2020-2029,2.499058783,-76.13762531,1,0
805.265,2.002,0,0,15572,PUERTO BOYACA,BOYACA,MAGDALENA MEDIO,DESCONOCIDA,GRUPO PARAMILITAR,AUTODEFENSAS CAMPESINAS DEL MAGDALENA MEDIO,0,0,0,0,0,0,0,0,0,3,MÚLTIPLE,RECLUTAMIENTO,POINT (-74.4528581 5.953466654),2002,,,2000-2009,5.953466654,-74.4528581,1,0
815.368,2.014,3,0,19364,JAMBALO,CAUCA,NORTE DEL CAUCA,ENGAÑO,GUERRILLA,FARC,0,0,0,0,0,0,0,0,0,2,MÚLTIPLE,SIN INFORMACIÓN,POINT (-76.31124919 2.84981013),2014,3,,2010-2019,2.84981013,-76.31124919,1,0
815.458,2.001,12,0,85325,SAN LUIS DE PALENQUE,CASANARE,LLANOS ORIENTALES,DESCONOCIDA,GRUPO PARAMILITAR,NO IDENTIFICADO,0,0,0,0,0,0,0,0,0,6,MÚLTIPLE,UTILIZACIÓN EN ACTIVIDADES MILITARES O INTELIGENCIA,POINT (-71.81749276 5.274955665),2001,12,,2000-2009,5.274955665,-71.81749276,1,0
877.696,2.024,3,20,19517,PAEZ,CAUCA,NORTE DEL CAUCA,DESCONOCIDA,GUERRILLA,DISIDENCIA FARC,0,0,0,0,0,0,0,0,0,2,MÚLTIPLE,RECLUTAMIENTO,POINT (-75.99368264 2.733887702),2024,3,20,2020-2029,2.733887702,-75.99368264,1,0
878.008,2.023,0,0,00000,SIN INFORMACION,SIN INFORMACION,SIN INFORMACION,DESCONOCIDA,GUERRILLA,DISIDENCIA FARC,0,0,0,0,0,0,0,0,0,2,COLECTIVO,SIN INFORMACIÓN,POINT (-72 4),2023,,,2020-2029,4.0,-72.0,1,0
878.32,2.024,4,0,99773,CUMARIBO,VICHADA,ALTILLANURA,COACCIÓN,GUERRILLA,DISIDENCIA FARC,0,0,0,0,0,0,0,0,0,2,SIN INFORMACIÓN,RECLUTAMIENTO,POINT (-69.795533 4.446352),2024,4,,2020-2029,4.446352,-69.795533,1,0
